season_end,Rk_x,player,pos,age,bref_team_id,g,gs,mp,fg,fga,fg_,x3p,x3pa,x3p_,x2p,x2pa,x2p_,efg_,ft,fta,ft_,orb,drb,trb,ast,stl,blk,tov,pf,pts,Rk_y,MP,PER,TS%,3PAr,FTr,ORB%,DRB%,TRB%,AST%,STL%,BLK%,TOV%,USG%,OWS,DWS,WS,WS/48,OBPM,DBPM,BPM,VORP,exp
2015,2,Jordan Adams,SG,20,MEM,30,0.0,8.3,1.2,2.9,0.407,0.3,0.8,0.4,0.8,2.0,0.41,0.465,0.5,0.8,0.609,0.3,0.6,0.9,0.5,0.5,0.2,0.5,0.8,3.1,2,248,12.8,0.489,0.291,0.267,4.2,8.7,6.4,10.1,3.4,2.3,12.7,20.4,0.0,0.4,0.4,0.073,-1.8,1.2,-0.6,0.1,0
2015,7,Furkan Aldemir,PF,23,PHI,41,9.0,13.2,1.0,1.9,0.513,0.0,0.1,0.0,1.0,1.8,0.548,0.513,0.3,0.7,0.481,1.9,2.4,4.3,0.7,0.4,0.4,0.4,2.3,2.3,7,540,12.0,0.517,0.064,0.346,14.9,20.7,17.7,8.3,1.6,2.4,15.9,8.6,0.7,0.7,1.4,0.122,-2.7,2.0,-0.7,0.2,0
2015,16,Kyle Anderson,SF,21,SAS,33,8.0,10.8,0.9,2.7,0.348,0.1,0.3,0.273,0.8,2.4,0.359,0.365,0.3,0.4,0.643,0.2,2.0,2.2,0.8,0.5,0.2,0.3,0.8,2.2,16,358,8.2,0.389,0.124,0.157,1.6,20.8,11.4,10.9,2.1,1.5,9.5,13.4,-0.3,0.6,0.3,0.044,-5.2,2.4,-2.7,-0.1,0
2015,28,Cameron Bairstow,PF,24,CHI,18,1.0,3.6,0.2,0.8,0.214,0.0,0.0,,0.2,0.8,0.214,0.214,0.2,0.3,0.8,0.3,0.1,0.4,0.1,0.1,0.1,0.2,0.4,0.6,28,64,2.1,0.309,0.0,0.357,10.5,3.3,6.8,2.2,1.6,1.1,15.6,13.5,-0.1,0.0,-0.1,-0.048,-6.7,-1.0,-7.7,-0.1,0
2015,44,Jerrelle Benimon,PF,23,UTA,2,0.0,1.5,0.0,0.0,,0.0,0.0,,0.0,0.0,,,0.0,0.0,,0.5,1.0,1.5,0.0,0.0,0.0,0.5,0.0,0.0,44,3,4.7,,,,38.7,76.6,57.8,0.0,0.0,0.0,100.0,15.3,0.0,0.0,0.0,-0.215,-20.3,-6.6,-26.9,0.0,0
2015,47,Sim Bhullar,C,22,SAC,3,0.0,1.0,0.3,0.7,0.5,0.0,0.0,,0.3,0.7,0.5,0.5,0.0,0.0,,0.0,0.3,0.3,0.3,0.0,0.3,0.0,0.0,0.7,47,3,44.3,0.5,0.0,0.0,0.0,36.5,18.9,78.5,0.0,26.3,0.0,29.4,0.0,0.0,0.0,0.389,9.4,17.1,26.6,0.0,0
2015,49,Tarik Black,C,23,TOT,63,39.0,19.0,2.5,4.3,0.575,0.0,0.0,0.0,2.5,4.3,0.577,0.575,1.0,1.9,0.551,2.3,3.6,5.8,0.7,0.3,0.4,0.8,2.5,6.0,49,1196,14.7,0.583,0.004,0.432,12.8,21.4,17.0,5.6,0.8,1.6,12.9,13.8,2.2,0.9,3.1,0.124,-1.0,-0.6,-1.6,0.1,0
2015,54,Bojan Bogdanovic,SF,25,BRK,78,28.0,23.8,3.3,7.4,0.453,1.2,3.3,0.355,2.2,4.1,0.531,0.532,1.1,1.4,0.821,0.6,2.1,2.7,0.9,0.4,0.1,1.0,1.3,9.0,54,1854,11.6,0.562,0.444,0.184,3.0,9.8,6.4,5.8,0.9,0.4,11.1,17.2,1.7,0.7,2.4,0.062,0.0,-1.9,-1.8,0.1,0
2015,64,Jabari Brown,SG,22,LAL,19,5.0,29.9,3.7,8.9,0.412,1.2,3.3,0.371,2.5,5.7,0.435,0.479,3.4,4.5,0.753,0.2,1.7,1.9,2.1,0.6,0.1,1.7,1.7,11.9,64,568,11.0,0.547,0.365,0.5,0.6,6.7,3.5,11.0,1.1,0.3,13.4,18.8,0.4,0.0,0.4,0.033,-0.8,-3.0,-3.8,-0.3,0
2015,66,Markel Brown,SG,23,BRK,47,29.0,16.6,1.6,4.5,0.362,0.4,1.4,0.266,1.3,3.1,0.404,0.402,1.0,1.2,0.825,0.3,1.9,2.3,0.8,0.7,0.3,0.6,1.2,4.6,66,781,9.1,0.459,0.305,0.271,2.3,13.0,7.7,7.4,2.1,1.2,10.3,15.3,-0.2,0.7,0.5,0.031,-3.0,0.3,-2.7,-0.1,0
2015,78,Bruno Caboclo,SF,19,TOR,8,0.0,2.9,0.5,1.5,0.333,0.3,0.4,0.667,0.3,1.1,0.222,0.417,0.0,0.0,,0.1,0.1,0.3,0.0,0.0,0.1,0.5,0.4,1.3,78,23,-1.8,0.417,0.25,0.0,5.0,5.0,5.0,0.0,0.0,3.5,25.0,31.5,-0.1,0.0,-0.1,-0.275,-12.6,-6.3,-18.9,-0.1,0
2015,83,Clint Capela,C,20,HOU,12,0.0,7.5,1.2,2.4,0.483,0.0,0.0,,1.2,2.4,0.483,0.483,0.3,1.9,0.174,0.8,2.2,3.0,0.2,0.1,0.8,0.4,1.2,2.7,83,90,12.1,0.409,0.0,0.793,12.3,31.8,22.1,3.6,0.6,7.8,11.3,21.3,-0.2,0.2,0.0,0.019,-8.8,1.0,-7.8,-0.1,0
2015,91,Will Cherry,PG,23,CLE,8,0.0,8.6,0.6,2.4,0.263,0.3,1.1,0.222,0.4,1.3,0.3,0.316,0.4,0.8,0.5,0.1,0.5,0.6,1.0,0.8,0.1,0.5,1.3,1.9,91,69,5.8,0.347,0.474,0.316,1.7,6.6,4.2,16.4,4.5,1.1,15.6,16.8,-0.1,0.1,0.0,-0.021,-4.4,0.7,-3.7,0.0,0
2015,92,Patrick Christopher,SG,26,UTA,4,1.0,7.3,0.8,3.0,0.25,0.0,1.0,0.0,0.8,2.0,0.375,0.25,0.0,0.0,,0.5,1.0,1.5,0.0,0.3,0.0,0.3,1.5,1.5,92,29,-2.6,0.25,0.333,0.0,8.0,15.9,12.0,0.0,1.8,0.0,7.7,20.6,-0.1,0.0,-0.1,-0.15,-10.6,-5.7,-16.3,-0.1,0
2015,95,Jordan Clarkson,PG,22,LAL,59,38.0,25.0,4.5,10.1,0.448,0.6,2.1,0.314,3.9,8.1,0.482,0.48,2.2,2.7,0.829,0.9,2.3,3.2,3.5,0.9,0.2,1.6,1.8,11.9,95,1476,16.9,0.528,0.203,0.265,4.0,10.5,7.1,23.8,1.8,0.7,12.6,23.0,2.0,0.4,2.4,0.078,1.4,-1.7,-0.3,0.6,0
2015,101,Jack Cooley,PF,23,UTA,16,0.0,5.4,0.6,1.4,0.409,0.0,0.0,,0.6,1.4,0.409,0.409,0.6,1.3,0.429,0.6,0.9,1.6,0.1,0.4,0.2,0.2,1.4,1.7,101,87,11.4,0.432,0.0,0.955,13.3,19.8,16.6,1.8,3.7,2.8,8.8,18.0,0.0,0.2,0.2,0.092,-4.4,0.4,-4.0,0.0,0
2015,103,Bryce Cotton,PG,22,UTA,15,0.0,10.6,1.9,4.6,0.42,0.5,1.3,0.35,1.5,3.3,0.449,0.471,1.0,1.2,0.833,0.2,1.0,1.2,1.0,0.3,0.0,0.8,0.4,5.3,103,159,14.5,0.52,0.29,0.261,2.2,10.8,6.5,17.0,1.3,0.0,13.5,25.6,0.1,0.1,0.2,0.067,-1.2,-3.2,-4.4,-0.1,0
2015,120,Andre Dawkins,SG,23,MIA,4,0.0,5.5,0.3,1.5,0.167,0.3,1.5,0.167,0.0,0.0,,0.25,0.0,0.0,,0.0,0.5,0.5,0.3,0.0,0.0,0.3,0.8,0.8,120,22,-5.0,0.25,1.0,0.0,0.0,10.7,5.5,6.6,0.0,0.0,14.3,15.0,-0.1,0.0,-0.1,-0.172,-7.5,-3.9,-11.5,-0.1,0
2015,128,Spencer Dinwiddie,PG,21,DET,34,1.0,13.4,1.5,5.0,0.302,0.4,1.9,0.185,1.1,3.1,0.375,0.337,0.9,1.0,0.912,0.1,1.3,1.4,3.1,0.6,0.2,1.0,1.6,4.3,128,455,10.2,0.394,0.385,0.201,0.9,10.9,5.7,34.9,2.2,1.0,15.2,21.1,-0.3,0.4,0.1,0.009,-2.6,-1.5,-4.2,-0.2,0
2015,133,Zoran Dragic,SG,25,TOT,16,1.0,4.7,0.7,1.9,0.367,0.2,0.9,0.214,0.5,1.0,0.5,0.417,0.2,0.3,0.6,0.3,0.2,0.5,0.3,0.1,0.0,0.3,0.4,1.8,133,75,8.2,0.435,0.467,0.167,7.8,4.6,6.2,11.2,1.4,0.0,13.4,22.9,-0.1,0.0,-0.1,-0.042,-2.5,-4.0,-6.5,-0.1,0
2015,140,Cleanthony Early,SF,23,NYK,39,7.0,16.6,1.9,5.5,0.355,0.6,2.2,0.262,1.4,3.3,0.415,0.407,0.9,1.2,0.75,0.6,1.9,2.5,0.9,0.6,0.3,1.0,1.5,5.4,140,647,8.4,0.447,0.393,0.224,3.8,13.8,8.7,9.1,2.0,1.5,14.5,19.6,-0.8,0.4,-0.4,-0.03,-3.8,-1.3,-5.2,-0.5,0
2015,143,James Ennis,SF,24,MIA,62,3.0,17.0,1.6,4.0,0.409,0.5,1.5,0.326,1.1,2.5,0.461,0.472,1.3,1.5,0.84,0.8,2.0,2.8,0.8,0.4,0.3,0.6,1.4,5.0,143,1051,11.5,0.541,0.385,0.381,6.0,14.0,10.1,7.2,1.3,1.4,11.9,14.6,1.2,0.8,1.9,0.088,-0.9,-0.6,-1.5,0.1,0
2015,144,Tyler Ennis,PG,20,TOT,33,1.0,12.5,1.6,4.4,0.361,0.4,1.3,0.279,1.2,3.1,0.396,0.403,0.2,0.2,0.714,0.2,0.8,1.1,2.2,0.5,0.2,1.3,1.1,3.7,144,411,7.3,0.411,0.299,0.049,1.9,7.7,4.8,27.3,2.2,1.0,22.2,20.6,-0.8,0.5,-0.3,-0.04,-5.2,-1.5,-6.7,-0.5,0
2015,148,Dante Exum,PG,19,UTA,82,41.0,22.2,1.8,5.1,0.349,1.0,3.2,0.314,0.8,1.9,0.408,0.448,0.2,0.4,0.625,0.3,1.3,1.6,2.4,0.5,0.2,1.4,1.8,4.8,148,1817,5.7,0.457,0.635,0.077,1.7,6.6,4.2,16.6,1.2,0.6,21.5,13.8,-1.1,1.0,-0.1,-0.003,-2.6,-1.3,-3.8,-0.8,0
2015,158,Tim Frazier,PG,24,TOT,11,3.0,21.7,1.9,5.5,0.344,0.5,1.5,0.294,1.5,4.0,0.364,0.385,0.9,1.9,0.476,0.5,2.0,2.5,5.5,0.7,0.0,2.3,2.4,5.2,158,239,8.1,0.406,0.279,0.344,2.6,10.2,6.3,39.4,1.7,0.0,26.2,17.5,-0.3,0.2,-0.1,-0.017,-4.9,-2.4,-7.3,-0.3,0
2015,163,Langston Galloway,PG,23,NYK,45,41.0,32.4,4.5,11.4,0.399,1.4,3.9,0.352,3.2,7.4,0.424,0.46,1.4,1.7,0.808,0.8,3.4,4.2,3.3,1.2,0.3,1.4,2.9,11.8,163,1457,12.3,0.489,0.344,0.153,2.9,12.5,7.5,17.6,1.9,0.7,10.1,19.2,0.7,0.6,1.3,0.043,0.0,-1.1,-1.1,0.3,0
2015,176,Aaron Gordon,PF,19,ORL,47,8.0,17.0,2.0,4.4,0.447,0.3,1.0,0.271,1.7,3.4,0.5,0.478,0.9,1.3,0.721,1.0,2.6,3.6,0.7,0.4,0.5,0.8,1.8,5.2,176,797,11.4,0.517,0.231,0.293,6.4,17.8,12.0,6.3,1.3,2.2,13.9,15.5,0.3,0.7,1.0,0.06,-2.8,0.0,-2.8,-0.2,0
2015,178,Drew Gordon,C,24,PHI,9,0.0,7.9,0.9,2.1,0.421,0.0,0.3,0.0,0.9,1.8,0.5,0.421,0.1,0.2,0.5,0.8,1.2,2.0,0.2,0.1,0.0,0.9,0.8,1.9,178,71,3.7,0.428,0.158,0.105,10.2,17.7,13.7,4.8,0.7,0.0,28.7,17.1,-0.2,0.1,-0.1,-0.093,-9.0,-2.3,-11.3,-0.2,0
2015,182,Jerami Grant,SF,20,PHI,65,11.0,21.2,1.9,5.4,0.352,0.8,2.4,0.314,1.2,3.0,0.383,0.422,1.8,3.0,0.591,0.8,2.3,3.0,1.2,0.6,1.0,1.3,2.2,6.3,182,1377,8.7,0.47,0.443,0.548,3.7,12.3,7.8,9.4,1.5,4.0,16.3,16.5,-0.9,1.4,0.5,0.019,-4.3,1.0,-3.3,-0.5,0
2015,185,Erick Green,PG,23,DEN,43,1.0,9.5,1.4,3.8,0.377,0.3,1.1,0.298,1.1,2.7,0.409,0.42,0.2,0.3,0.833,0.2,0.6,0.7,0.9,0.3,0.0,0.3,0.6,3.4,185,410,8.9,0.436,0.29,0.074,1.8,6.6,4.1,15.1,1.5,0.0,7.7,19.1,-0.1,0.1,0.0,0.0,-2.7,-2.7,-5.4,-0.3,0
2015,187,JaMychal Green,PF,24,TOT,24,1.0,6.8,1.1,2.0,0.574,0.0,0.3,0.0,1.1,1.7,0.659,0.574,0.3,0.4,0.8,0.8,1.1,1.9,0.2,0.2,0.2,0.6,1.0,2.6,187,164,14.9,0.603,0.128,0.213,13.3,18.0,15.7,4.0,1.6,2.4,21.4,18.3,0.1,0.3,0.4,0.119,-2.0,-0.1,-2.1,0.0,0
2015,192,P.J. Hairston,SG,22,CHO,45,2.0,15.3,1.9,6.0,0.323,1.1,3.6,0.301,0.8,2.4,0.358,0.414,0.7,0.8,0.861,0.5,1.6,2.0,0.5,0.5,0.3,0.5,1.4,5.6,192,687,9.0,0.446,0.606,0.134,3.4,11.5,7.4,5.1,1.6,1.5,7.2,20.4,-0.5,0.8,0.3,0.022,-2.2,-1.3,-3.5,-0.3,0
2015,200,Gary Harris,SG,20,DEN,55,6.0,13.1,1.2,3.9,0.304,0.4,1.9,0.204,0.8,2.1,0.395,0.353,0.6,0.9,0.745,0.4,0.8,1.2,0.5,0.7,0.1,0.7,1.3,3.4,200,719,4.9,0.395,0.475,0.217,3.0,6.7,4.8,5.9,2.7,0.8,13.8,16.6,-1.2,0.5,-0.7,-0.046,-4.2,-0.1,-4.3,-0.4,0
2015,201,Joe Harris,SG,23,CLE,51,1.0,9.7,0.9,2.4,0.4,0.6,1.6,0.369,0.3,0.7,0.472,0.529,0.2,0.3,0.6,0.1,0.7,0.8,0.5,0.1,0.0,0.5,1.2,2.7,201,493,5.6,0.537,0.7,0.125,1.7,7.8,4.8,7.7,0.7,0.3,17.6,14.1,0.0,0.2,0.2,0.018,-2.0,-2.5,-4.5,-0.3,0
2015,221,Rodney Hood,SG,22,UTA,50,21.0,21.3,3.1,7.5,0.414,1.2,3.4,0.365,1.9,4.1,0.456,0.497,1.2,1.6,0.763,0.2,2.2,2.3,1.7,0.6,0.2,0.9,2.4,8.7,221,1064,12.3,0.529,0.455,0.214,1.0,11.7,6.4,13.2,1.5,0.9,9.9,19.6,1.3,0.9,2.2,0.098,0.2,-1.3,-1.1,0.2,0
2015,230,Joe Ingles,SF,27,UTA,79,32.0,21.2,1.9,4.5,0.415,0.9,2.6,0.356,0.9,1.9,0.493,0.517,0.4,0.5,0.75,0.3,1.9,2.2,2.3,0.9,0.1,1.2,1.6,5.0,230,1673,9.6,0.533,0.571,0.113,1.5,10.5,6.0,16.8,2.3,0.5,20.9,12.9,0.5,1.6,2.2,0.062,-1.1,0.3,-0.8,0.5,0
2015,237,Cory Jefferson,PF,24,BRK,50,1.0,10.6,1.5,3.3,0.449,0.0,0.3,0.133,1.5,3.0,0.48,0.455,0.6,1.1,0.574,0.9,2.0,2.9,0.3,0.2,0.4,0.4,1.2,3.7,237,531,13.2,0.48,0.09,0.323,10.0,20.6,15.3,4.8,1.0,3.2,9.5,18.1,0.2,0.6,0.8,0.071,-3.3,-0.4,-3.7,-0.2,0
2015,242,Grant Jerrett,PF,21,TOT,8,0.0,6.4,0.9,3.3,0.269,0.1,1.9,0.067,0.8,1.4,0.545,0.288,0.1,0.1,1.0,0.3,0.9,1.1,0.4,0.3,0.3,0.4,1.4,2.0,242,51,1.5,0.303,0.577,0.038,4.4,15.2,9.9,9.6,2.1,3.1,10.2,25.4,-0.2,0.1,-0.1,-0.128,-6.8,-1.5,-8.4,-0.1,0
2015,247,Nick Johnson,SG,22,HOU,28,0.0,9.4,0.9,2.7,0.347,0.2,0.8,0.238,0.8,1.9,0.389,0.38,0.6,0.9,0.68,0.5,0.9,1.4,0.4,0.3,0.1,0.7,1.2,2.6,247,262,4.8,0.43,0.28,0.333,5.5,10.9,8.2,6.3,1.3,0.9,18.1,17.4,-0.4,0.2,-0.1,-0.02,-6.1,-1.2,-7.3,-0.3,0
2015,248,Tyler Johnson,SG,22,MIA,32,2.0,18.8,2.2,5.2,0.419,0.6,1.5,0.375,1.6,3.7,0.437,0.473,1.0,1.5,0.681,0.4,2.1,2.5,1.3,1.0,0.3,0.9,1.3,5.9,248,603,12.0,0.506,0.287,0.281,2.9,13.1,8.1,11.3,2.9,1.3,13.8,17.0,0.1,0.7,0.8,0.06,-1.8,0.7,-1.1,0.1,0
2015,262,Sean Kilpatrick,SG,25,MIN,4,0.0,18.0,1.8,5.0,0.35,1.0,3.3,0.308,0.8,1.8,0.429,0.45,1.0,1.0,1.0,0.3,1.3,1.5,1.0,0.8,0.0,0.5,0.8,5.5,262,72,10.0,0.506,0.65,0.2,1.5,8.2,4.8,8.5,2.1,0.0,8.4,14.6,0.1,0.0,0.1,0.033,-0.7,-3.0,-3.8,0.0,0
2015,264,Alex Kirk,C,23,CLE,5,0.0,2.8,0.2,0.8,0.25,0.0,0.0,,0.2,0.8,0.25,0.25,0.4,0.4,1.0,0.2,0.0,0.2,0.2,0.0,0.0,0.0,0.2,0.8,264,14,8.5,0.41,0.0,0.5,8.3,0.0,4.1,10.1,0.0,0.0,0.0,15.7,0.0,0.0,0.0,0.061,-3.0,-4.3,-7.4,0.0,0
2015,272,Joffrey Lauvergne,C,23,DEN,24,1.0,11.2,1.5,3.7,0.404,0.1,0.7,0.188,1.4,3.0,0.452,0.421,0.8,1.2,0.643,1.1,2.1,3.2,0.5,0.3,0.4,0.9,1.8,3.9,272,268,10.5,0.459,0.18,0.315,10.5,20.9,15.5,7.5,1.5,2.9,17.8,19.9,-0.2,0.3,0.1,0.012,-4.2,0.7,-3.6,-0.1,0
2015,273,Zach LaVine,PG,19,MIN,77,40.0,24.7,3.7,8.8,0.422,0.7,2.2,0.341,3.0,6.6,0.449,0.465,1.9,2.3,0.842,0.4,2.4,2.8,3.6,0.7,0.1,2.5,2.1,10.1,273,1902,11.3,0.515,0.247,0.261,1.6,11.6,6.4,24.0,1.4,0.4,20.4,22.0,-0.7,0.0,-0.7,-0.018,-1.7,-2.7,-4.5,-1.2,0
2015,291,Kalin Lucas,PG,25,MEM,1,0.0,6.0,0.0,1.0,0.0,0.0,0.0,,0.0,1.0,0.0,0.0,0.0,0.0,,0.0,0.0,0.0,0.0,1.0,0.0,0.0,1.0,0.0,291,6,-0.7,0.0,0.0,0.0,0.0,0.0,0.0,0.0,8.7,0.0,0.0,7.6,0.0,0.0,0.0,-0.057,-7.9,6.6,-1.3,0.0,0
2015,294,Devyn Marble,SG,22,ORL,16,7.0,13.0,0.9,2.8,0.318,0.3,1.4,0.182,0.6,1.4,0.455,0.364,0.3,1.0,0.313,0.3,1.6,1.9,1.1,0.6,0.1,0.6,0.9,2.3,294,208,5.9,0.362,0.5,0.364,2.7,14.4,8.4,11.5,2.2,0.8,15.0,13.1,-0.3,0.2,-0.1,-0.031,-4.7,0.2,-4.5,-0.1,0
2015,304,James Michael McAdoo,PF,22,GSW,15,0.0,9.1,1.6,2.9,0.545,0.0,0.0,,1.6,2.9,0.545,0.545,0.9,1.7,0.56,1.0,1.5,2.5,0.1,0.3,0.6,0.4,1.4,4.1,304,137,17.7,0.564,0.0,0.568,12.2,16.8,14.6,2.1,1.8,4.9,9.8,19.4,0.2,0.3,0.5,0.177,-2.3,0.5,-1.8,0.0,0
2015,307,K.J. McDaniels,SG,21,TOT,62,15.0,21.8,2.8,7.0,0.396,0.7,2.4,0.287,2.1,4.6,0.454,0.446,1.6,2.1,0.752,1.0,2.2,3.2,1.2,0.7,1.1,1.7,2.0,7.9,307,1352,10.6,0.494,0.346,0.306,5.0,11.4,8.0,9.3,1.6,4.2,17.6,19.3,-0.9,1.5,0.6,0.02,-3.8,1.1,-2.7,-0.2,0
2015,308,Doug McDermott,SF,23,CHI,36,0.0,8.9,1.2,3.0,0.402,0.4,1.1,0.317,0.8,1.8,0.455,0.463,0.3,0.4,0.667,0.2,1.0,1.2,0.2,0.1,0.0,0.5,0.8,3.0,308,321,6.1,0.48,0.383,0.14,2.1,12.2,7.3,3.0,0.6,0.2,13.0,18.3,-0.3,0.2,0.0,-0.005,-4.8,-3.3,-8.0,-0.5,0
2015,309,Mitch McGary,PF,22,OKC,32,2.0,15.2,2.8,5.2,0.533,0.0,0.1,0.0,2.8,5.1,0.54,0.533,0.8,1.3,0.625,1.7,3.5,5.2,0.4,0.5,0.5,1.0,2.3,6.3,309,485,16.6,0.55,0.012,0.242,11.9,24.4,18.2,4.6,1.7,2.6,14.5,19.0,0.6,0.7,1.3,0.127,-2.3,-0.1,-2.4,-0.1,0
2015,312,Jerel McNeal,PG,27,PHO,6,0.0,6.0,0.5,1.8,0.273,0.2,0.3,0.5,0.3,1.5,0.222,0.318,0.3,0.3,1.0,0.0,0.5,0.5,0.3,0.5,0.2,0.8,0.8,1.5,312,36,1.2,0.379,0.182,0.182,0.0,9.2,4.6,7.8,4.2,2.1,29.6,20.6,-0.2,0.1,-0.1,-0.149,-10.2,1.7,-8.5,-0.1,0
2015,323,Elijah Millsap,SG,27,UTA,47,5.0,19.7,1.7,5.1,0.34,0.6,1.9,0.311,1.1,3.1,0.358,0.399,1.2,1.8,0.674,0.6,2.6,3.2,1.2,1.2,0.3,1.4,2.6,5.3,323,924,7.9,0.45,0.378,0.361,3.5,15.2,9.4,9.7,3.2,1.4,19.5,17.0,-1.0,1.4,0.4,0.02,-3.5,1.9,-1.6,0.1,0
2015,325,Nikola Mirotic,PF,23,CHI,82,3.0,20.2,3.1,7.6,0.405,1.2,3.8,0.316,1.9,3.8,0.495,0.485,2.8,3.5,0.803,0.8,4.2,4.9,1.2,0.7,0.7,1.1,2.1,10.2,325,1654,17.9,0.556,0.502,0.455,4.3,21.8,13.3,9.7,1.7,2.4,10.6,22.8,3.0,2.7,5.7,0.165,1.2,0.0,1.2,1.3,0
2015,329,Eric Moreland,PF,23,SAC,3,0.0,0.7,0.3,0.3,1.0,0.0,0.0,,0.3,0.3,1.0,1.0,0.0,0.0,,0.0,0.3,0.3,0.0,0.0,0.0,0.0,0.3,0.7,329,2,40.8,1.0,0.0,0.0,0.0,54.8,28.4,0.0,0.0,0.0,0.0,22.0,0.0,0.0,0.0,0.431,5.8,-10.2,-4.5,0.0,0
2015,339,Shabazz Napier,PG,23,MIA,51,10.0,19.8,1.7,4.5,0.382,0.8,2.3,0.364,0.9,2.2,0.4,0.476,0.9,1.1,0.786,0.3,1.9,2.2,2.5,0.8,0.1,1.6,1.5,5.1,339,1012,9.3,0.517,0.518,0.246,2.1,11.2,6.7,19.9,2.1,0.3,24.3,15.5,-0.3,0.8,0.5,0.024,-2.0,-0.6,-2.6,-0.2,0
2015,344,Nerlens Noel,PF,20,PHI,75,71.0,30.8,4.0,8.7,0.462,0.0,0.0,,4.0,8.7,0.462,0.462,1.9,3.1,0.609,2.5,5.7,8.1,1.7,1.8,1.9,1.9,2.8,9.9,344,2311,15.0,0.493,0.0,0.352,8.3,21.0,14.3,9.8,2.9,5.0,16.2,17.0,-0.2,4.2,4.0,0.083,-3.7,4.5,0.8,1.6,0
2015,345,Lucas Nogueira,C,22,TOR,6,0.0,3.8,0.3,1.3,0.25,0.0,0.0,,0.3,1.3,0.25,0.25,0.3,0.7,0.5,0.3,1.5,1.8,0.2,0.3,0.0,0.3,1.0,1.0,345,23,5.2,0.307,0.0,0.5,10.0,45.1,27.6,6.2,4.5,0.0,17.0,23.1,-0.1,0.1,0.0,-0.071,-11.0,0.7,-10.3,0.0,0
2015,348,Jusuf Nurkic,C,20,DEN,62,27.0,17.8,2.8,6.2,0.446,0.0,0.0,0.0,2.8,6.1,0.449,0.446,1.4,2.1,0.636,2.0,4.1,6.2,0.8,0.8,1.1,1.4,3.3,6.9,348,1103,14.8,0.483,0.005,0.345,11.8,26.1,18.7,7.3,2.4,4.8,16.3,20.7,-0.2,1.8,1.6,0.069,-3.7,3.1,-0.6,0.4,0
2015,349,Johnny O'Bryant,PF,21,MIL,34,15.0,10.8,1.3,3.5,0.367,0.0,0.0,,1.3,3.5,0.367,0.367,0.4,0.8,0.444,0.8,1.1,1.9,0.5,0.1,0.1,0.7,1.3,2.9,349,368,3.8,0.379,0.0,0.225,8.2,11.7,10.0,7.1,0.7,0.9,15.9,19.2,-0.8,0.3,-0.5,-0.063,-7.5,-1.6,-9.0,-0.7,0
2015,355,Kostas Papanikolaou,SF,24,HOU,43,1.0,18.5,1.6,4.6,0.35,0.7,2.5,0.292,0.9,2.1,0.418,0.429,0.3,0.4,0.722,0.9,1.8,2.7,2.0,0.7,0.3,1.3,1.7,4.2,355,795,7.8,0.444,0.538,0.091,5.4,10.9,8.2,15.8,1.8,1.3,21.2,14.2,-0.4,0.9,0.5,0.029,-3.0,0.7,-2.3,-0.1,0
2015,357,Jabari Parker,SF,19,MIL,25,25.0,29.5,5.2,10.5,0.49,0.2,0.6,0.25,5.0,9.9,0.506,0.498,1.8,2.6,0.697,2.0,3.5,5.5,1.7,1.2,0.2,1.9,1.7,12.3,357,738,14.5,0.527,0.061,0.251,7.8,13.5,10.7,9.5,2.1,0.6,13.9,20.7,0.4,1.0,1.3,0.088,-1.4,0.2,-1.2,0.1,0
2015,362,Adreian Payne,PF,23,TOT,32,22.0,23.1,2.8,6.9,0.414,0.0,0.3,0.111,2.8,6.6,0.427,0.416,0.9,1.4,0.652,1.5,3.6,5.1,0.9,0.6,0.3,1.4,2.8,6.7,362,739,7.7,0.443,0.041,0.209,7.2,18.2,12.5,6.4,1.3,1.0,15.5,17.0,-0.7,0.2,-0.5,-0.033,-4.6,-1.3,-5.9,-0.7,0
2015,363,Elfrid Payton,PG,20,ORL,82,63.0,30.4,3.7,8.6,0.425,0.1,0.5,0.262,3.5,8.1,0.435,0.433,1.4,2.6,0.551,1.3,3.0,4.3,6.5,1.7,0.2,2.5,2.4,8.9,363,2489,13.8,0.456,0.059,0.302,4.8,11.2,7.9,32.6,2.9,0.7,20.2,18.3,0.0,2.3,2.3,0.044,-1.5,0.8,-0.7,0.8,0
2015,371,Dwight Powell,PF,23,TOT,29,0.0,8.1,1.1,2.3,0.463,0.1,0.4,0.273,1.0,1.9,0.5,0.485,0.9,1.1,0.758,0.6,1.1,1.7,0.3,0.3,0.2,0.4,1.4,3.1,371,236,13.8,0.552,0.164,0.493,8.3,14.9,11.6,5.5,1.9,2.1,11.9,17.5,0.3,0.3,0.6,0.122,-1.0,0.1,-0.9,0.1,0
2015,378,Julius Randle,PF,20,LAL,1,0.0,14.0,1.0,3.0,0.333,0.0,0.0,,1.0,3.0,0.333,0.333,0.0,2.0,0.0,0.0,0.0,0.0,0.0,0.0,0.0,1.0,1.0,2.0,378,14,-7.5,0.258,0.0,0.667,0.0,0.0,0.0,0.0,0.0,0.0,20.5,15.5,-0.1,0.0,-0.1,-0.276,-12.3,-4.5,-16.8,-0.1,0
2015,388,Glenn Robinson Jr,SG-SF,21,TOT,35,1.0,7.5,0.7,1.9,0.388,0.1,0.5,0.263,0.6,1.4,0.438,0.425,0.5,0.7,0.667,0.4,0.7,1.1,0.3,0.2,0.0,0.3,0.4,2.1,388,261,8.5,0.471,0.284,0.358,6.1,10.6,8.3,7.0,1.2,0.3,12.4,14.9,0.0,0.1,0.1,0.012,-3.9,-2.4,-6.3,-0.3,0
2015,395,Damjan Rudez,SF,28,IND,68,2.0,15.4,1.8,3.9,0.452,1.0,2.5,0.406,0.7,1.4,0.538,0.584,0.2,0.3,0.696,0.1,0.6,0.7,0.8,0.2,0.1,0.7,1.2,4.8,395,1047,8.2,0.591,0.646,0.087,0.9,4.1,2.5,7.9,0.8,0.4,14.7,13.8,0.6,0.7,1.3,0.061,-0.7,-1.8,-2.5,-0.1,0
2015,399,JaKarr Sampson,SF,21,PHI,74,32.0,15.3,2.0,4.7,0.422,0.4,1.7,0.244,1.6,3.0,0.525,0.467,0.9,1.3,0.67,0.5,1.7,2.2,1.0,0.5,0.4,1.0,1.8,5.2,399,1131,9.4,0.498,0.367,0.272,3.2,12.9,7.8,12.0,1.7,1.9,16.4,17.9,-0.5,1.1,0.6,0.025,-4.0,-0.4,-4.4,-0.7,0
2015,412,Marcus Smart,PG,20,BOS,67,38.0,27.0,2.6,7.1,0.367,1.4,4.1,0.335,1.3,3.1,0.41,0.462,1.2,1.9,0.646,0.9,2.4,3.3,3.1,1.5,0.3,1.3,2.6,7.8,412,1808,11.0,0.491,0.57,0.266,3.6,9.9,6.7,16.3,2.7,0.8,14.4,15.1,0.7,2.2,2.9,0.077,-0.1,1.3,1.1,1.4,0
2015,418,Russ Smith,PG,23,TOT,12,0.0,5.4,0.7,2.1,0.32,0.2,0.9,0.182,0.5,1.2,0.429,0.36,1.0,1.1,0.923,0.1,0.4,0.5,0.7,0.3,0.0,1.0,1.1,2.5,418,65,5.2,0.488,0.44,0.52,1.8,8.7,5.3,19.4,2.4,0.0,28.1,30.1,-0.2,0.1,-0.1,-0.094,-5.6,-2.5,-8.0,-0.1,0
2015,422,Nik Stauskas,SG,21,SAC,73,1.0,15.4,1.5,4.1,0.365,0.7,2.0,0.322,0.8,2.0,0.408,0.446,0.8,0.9,0.859,0.2,1.1,1.2,0.9,0.3,0.2,0.5,1.3,4.4,422,1127,7.5,0.492,0.503,0.216,1.1,7.5,4.4,9.0,0.9,1.2,11.0,14.2,0.3,0.2,0.5,0.021,-1.9,-2.0,-3.9,-0.5,0
2015,425,David Stockton,PG,23,SAC,3,0.0,11.0,0.7,2.0,0.333,0.3,0.7,0.5,0.3,1.3,0.25,0.417,1.0,2.0,0.5,0.0,0.7,0.7,3.0,0.7,0.0,1.3,0.3,2.7,425,33,10.8,0.463,0.333,1.0,0.0,6.6,3.4,39.1,3.1,0.0,31.6,16.9,0.0,0.0,0.0,-0.014,-4.4,-4.0,-8.4,-0.1,0
2015,426,Jarnell Stokes,PF,21,MEM,19,2.0,6.6,1.1,1.9,0.568,0.0,0.0,0.0,1.1,1.9,0.568,0.568,0.8,1.5,0.536,0.8,0.9,1.8,0.2,0.3,0.3,0.4,1.3,3.0,426,126,18.6,0.578,0.0,0.757,14.6,16.3,15.4,5.2,2.1,3.3,12.4,20.5,0.3,0.2,0.5,0.186,-0.2,0.7,0.5,0.1,0
2015,456,Noah Vonleh,PF,19,CHO,25,0.0,10.4,1.2,3.0,0.395,0.2,0.5,0.385,1.0,2.5,0.397,0.428,0.7,1.0,0.692,1.1,2.3,3.4,0.2,0.2,0.4,0.4,0.8,3.3,456,259,13.2,0.475,0.171,0.342,11.6,25.3,18.3,2.5,0.8,2.7,11.2,17.3,0.1,0.4,0.5,0.085,-4.8,-0.9,-5.6,-0.2,0
2015,464,T.J. Warren,SF,21,PHO,40,1.0,15.4,2.8,5.4,0.528,0.1,0.5,0.238,2.7,4.8,0.56,0.54,0.4,0.5,0.737,1.0,1.1,2.1,0.6,0.5,0.2,0.7,1.3,6.1,464,614,14.0,0.551,0.098,0.089,7.3,7.9,7.6,6.6,1.5,1.1,10.8,17.8,0.7,0.4,1.1,0.085,-1.0,-1.1,-2.1,0.0,0
2015,466,David Wear,PF,24,SAC,2,0.0,3.5,0.0,1.0,0.0,0.0,0.5,0.0,0.0,0.5,0.0,0.0,0.0,0.0,,1.0,0.0,1.0,0.5,0.0,0.0,0.0,0.5,0.0,466,7,2.4,0.0,0.5,0.0,33.6,0.0,16.2,18.8,0.0,0.0,0.0,12.6,0.0,0.0,0.0,-0.11,-0.3,-2.7,-3.0,0.0,0
2015,467,Travis Wear,SF,24,NYK,51,1.0,13.2,1.6,4.1,0.402,0.2,0.6,0.367,1.4,3.5,0.408,0.428,0.4,0.5,0.769,0.6,1.5,2.1,0.8,0.3,0.2,0.7,1.1,3.9,467,672,8.5,0.451,0.144,0.124,5.2,13.3,9.1,9.9,1.2,1.4,13.7,17.5,-0.5,0.2,-0.3,-0.02,-4.5,-1.6,-6.1,-0.7,0
2015,472,Shayne Whittington,PF,23,IND,20,0.0,5.4,1.0,2.1,0.452,0.1,0.3,0.167,0.9,1.8,0.5,0.464,0.9,1.2,0.783,0.5,1.0,1.5,0.3,0.3,0.1,0.3,0.9,2.9,472,108,20.0,0.547,0.143,0.548,10.3,19.3,14.8,9.6,2.4,1.5,8.8,23.9,0.3,0.2,0.4,0.2,0.5,0.0,0.5,0.1,0
2015,473,Andrew Wiggins,SG,19,MIN,82,82.0,36.2,6.1,13.9,0.437,0.5,1.5,0.31,5.6,12.3,0.453,0.454,4.3,5.7,0.76,1.6,2.9,4.6,2.1,1.0,0.6,2.2,2.3,16.9,473,2969,13.9,0.517,0.111,0.41,5.0,9.5,7.2,9.8,1.5,1.3,11.7,22.6,2.1,0.0,2.1,0.034,-0.5,-1.8,-2.3,-0.2,0
2015,474,C.J. Wilcox,SG,24,LAC,21,0.0,4.8,0.8,1.8,0.421,0.3,0.9,0.368,0.4,0.9,0.474,0.513,0.1,0.1,1.0,0.0,0.3,0.3,0.4,0.1,0.0,0.5,0.3,2.0,474,101,8.5,0.527,0.5,0.053,1.1,6.5,3.9,12.0,1.5,0.8,20.5,21.8,-0.1,0.1,0.0,-0.024,-3.3,-2.7,-6.0,-0.1,0
2015,488,James Young,SG,19,BOS,31,0.0,10.7,1.2,3.3,0.353,0.5,2.1,0.258,0.6,1.2,0.528,0.436,0.5,0.9,0.552,0.3,1.1,1.4,0.4,0.3,0.1,0.2,0.7,3.4,488,332,8.5,0.457,0.647,0.284,2.9,11.0,6.9,5.6,1.2,0.5,4.2,15.8,0.1,0.3,0.3,0.047,-1.9,-1.9,-3.8,-0.2,0
