,DateTime,Deviation,DirectionNum,DirectionText,Lat,Lon,RouteID,TripEndTime,TripHeadsign,TripID,TripStartTime,VehicleID
0,2015-02-20T20:24:07,0.0,15.0,WEST,38.841305,-77.05368,28A,2015-02-20T14:26:00,TYSONS CORNER STA,6951238.0,2015-02-20T13:05:00,2532.0
1,2015-02-20T20:33:08,0.0,10.0,NORTH,38.921291,-76.970421,B2,2015-02-20T15:18:00,MOUNT RAINIER,6942942.0,2015-02-20T14:21:00,2459.0
2,2015-02-20T20:44:06,0.0,14.0,EAST,38.937263,-76.874878,B25,2015-02-20T15:57:00,BOWIE P+R,6945179.0,2015-02-20T15:05:00,7029.0
3,2015-02-20T20:28:43,0.0,12.0,SOUTH,38.922264,-76.969322,80,2015-02-20T17:30:00,KENNEDY CENTER,6966828.0,2015-02-20T16:08:00,2392.0
4,2015-02-20T20:44:10,0.0,12.0,SOUTH,38.91087,-77.027138,64,2015-02-20T17:16:00,FEDERAL TRIANGLE,6949469.0,2015-02-20T16:33:00,6534.0
5,2015-02-20T20:43:53,2.0,15.0,WEST,38.8946,-76.947945,P99,2015-02-20T17:25:00,MINNESOTA AVE,6953498.0,2015-02-20T17:10:00,6108.0
6,2015-02-20T20:43:44,0.0,15.0,WEST,38.848743,-77.378242,W99,2015-02-20T17:39:00,WEST OX DIV,6953446.0,2015-02-20T17:20:00,2154.0
7,2015-02-20T20:44:00,7.0,15.0,WEST,38.90226,-77.027031,G8,2015-02-20T18:27:00,FARRAGUT SQUARE,6929400.0,2015-02-20T17:34:00,2434.0
8,2015-02-20T20:43:50,3.0,10.0,NORTH,38.862625,-76.997261,W4,2015-02-20T19:16:00,DEANWOOD STA,6969584.0,2015-02-20T18:21:00,6123.0
9,2015-02-20T20:43:46,-5.0,15.0,WEST,38.898228,-76.947235,V7,2015-02-20T19:15:00,BUR OF ENGRVNG,6932718.0,2015-02-20T18:24:00,6118.0
10,2015-02-20T20:43:41,5.0,10.0,NORTH,38.845116,-77.004158,W4,2015-02-20T19:37:00,DEANWOOD STA,6969585.0,2015-02-20T18:42:00,6137.0
11,2015-02-20T20:43:49,-1.0,12.0,SOUTH,38.885845,-76.896393,A12,2015-02-20T20:05:00,ADDISON RD STA,6967814.0,2015-02-20T19:06:00,7036.0
12,2015-02-20T20:43:54,0.0,15.0,WEST,39.061855,-77.119598,C4,2015-02-20T20:17:00,TWINBROOK STA,7156867.0,2015-02-20T19:12:00,6374.0
13,2015-02-20T20:44:04,14.0,14.0,EAST,38.889717,-76.914055,96,2015-02-20T20:31:00,CAPITOL HTS STA,6944806.0,2015-02-20T19:15:00,2432.0
14,2015-02-20T20:43:53,0.0,15.0,WEST,38.82576,-77.219429,3A,2015-02-20T20:09:00,PATRIOT+AMRICNA,6960993.0,2015-02-20T19:15:00,6602.0
15,2015-02-20T20:44:10,11.0,15.0,WEST,38.934803,-77.07254,30S,2015-02-20T20:46:00,FRIENDSHIP HGTS,7177339.0,2015-02-20T19:15:00,7108.0
16,2015-02-20T20:43:42,0.0,15.0,WEST,38.919971,-77.223175,28A,2015-02-20T20:29:00,TYSONS CORNER STA,6951265.0,2015-02-20T19:15:00,2556.0
17,2015-02-20T20:43:45,46.0,10.0,NORTH,38.911613,-77.008804,P6,2015-02-20T20:08:00,RHODE ISLAND STA,6956389.0,2015-02-20T19:15:00,8047.0
18,2015-02-20T20:43:52,63.0,12.0,SOUTH,38.899826,-77.019135,P6,2015-02-20T20:06:00,ANACOSTIA STA,6956326.0,2015-02-20T19:15:00,8083.0
19,2015-02-20T20:44:08,0.0,15.0,WEST,38.916359,-77.220497,23A,2015-02-20T20:31:00,TYSONS CORNER CTR,6955814.0,2015-02-20T19:20:00,2582.0
20,2015-02-20T20:44:13,36.0,10.0,NORTH,39.016415,-76.939621,83,2015-02-20T20:12:00,CHERRY HILL,6962502.0,2015-02-20T19:20:00,2333.0
21,2015-02-20T20:44:14,26.0,10.0,NORTH,38.992935,-77.031639,70,2015-02-20T20:20:00,SILVER SPRING,6933176.0,2015-02-20T19:22:00,5443.0
22,2015-02-20T20:43:44,0.0,14.0,EAST,38.965549,-76.956451,C4,2015-02-20T20:28:00,PG PLAZA STA,7157048.0,2015-02-20T19:25:00,7237.0
23,2015-02-20T20:43:51,0.0,15.0,WEST,38.818359,-77.002762,P12,2015-02-20T20:31:00,EASTOVER,6949055.0,2015-02-20T19:25:00,7038.0
24,2015-02-20T20:44:00,11.0,14.0,EAST,38.989437,-76.94059,C8,2015-02-20T20:41:00,COLLEGE PARK (NO FDA),6929914.0,2015-02-20T19:26:00,7271.0
25,2015-02-20T20:44:03,3.0,14.0,EAST,38.806885,-77.061394,28A,2015-02-20T20:42:00,KING ST STA,6951297.0,2015-02-20T19:30:00,2545.0
26,2015-02-20T20:44:11,5.0,15.0,WEST,38.936241,-77.106476,D6,2015-02-20T20:37:00,SIBLEY HOSP,6956688.0,2015-02-20T19:30:00,2364.0
27,2015-02-20T20:44:06,11.0,14.0,EAST,38.874401,-76.973022,30S,2015-02-20T20:49:00,SOUTHRN AVE STA,7177384.0,2015-02-20T19:30:00,7161.0
28,2015-02-20T20:43:44,-2.0,17.0,LOOP,38.897774,-76.947166,U6,2015-02-20T20:33:00,MINNESOTA VIA HAYES,6938235.0,2015-02-20T19:31:00,6165.0
29,2015-02-20T20:44:06,14.0,10.0,NORTH,38.993107,-77.031761,70,2015-02-20T20:32:00,SILVER SPRING,6933177.0,2015-02-20T19:34:00,5445.0
30,2015-02-20T20:44:05,0.0,14.0,EAST,38.993774,-77.027908,J2,2015-02-20T20:20:00,SILVR SPRNG STA,6944394.0,2015-02-20T19:35:00,7272.0
31,2015-02-20T20:43:58,0.0,15.0,WEST,38.915279,-77.222672,28A,2015-02-20T20:49:00,TYSONS CORNER STA,6951250.0,2015-02-20T19:35:00,2710.0
32,2015-02-20T20:43:50,5.0,14.0,EAST,38.853367,-77.052856,23A,2015-02-20T20:43:00,CRYSTAL CTY,6955871.0,2015-02-20T19:35:00,2586.0
33,2015-02-20T20:44:04,29.0,14.0,EAST,38.89645,-76.957687,X2,2015-02-20T20:19:00,MINNESOTA STA,6939041.0,2015-02-20T19:36:00,5401.0
34,2015-02-20T20:43:47,11.0,14.0,EAST,38.889801,-76.993706,96,2015-02-20T20:54:00,CAPITOL HTS STA,6944780.0,2015-02-20T19:38:00,2358.0
35,2015-02-20T20:43:55,7.0,10.0,NORTH,39.021717,-76.924965,86,2015-02-20T20:46:00,CALVERTON,6962532.0,2015-02-20T19:40:00,2405.0
36,2015-02-20T20:43:45,3.0,10.0,NORTH,39.153107,-77.055374,Y8,2015-02-20T20:41:00,MONTGOMERY MED CTR,7155767.0,2015-02-20T19:40:00,7248.0
37,2015-02-20T20:44:05,0.0,15.0,WEST,38.91983,-76.995239,T14,2015-02-20T20:23:00,RD ISLND AVE STA,6956197.0,2015-02-20T19:40:00,7032.0
38,2015-02-20T20:44:03,0.0,15.0,WEST,38.835281,-77.309349,29K,2015-02-20T20:36:00,GMU,6948787.0,2015-02-20T19:40:00,7188.0
39,2015-02-20T20:44:01,10.0,12.0,SOUTH,38.861794,-76.995354,90,2015-02-20T20:34:00,ANACOSTIA,7003764.0,2015-02-20T19:40:00,6332.0
40,2015-02-20T20:44:01,18.0,14.0,EAST,38.851273,-76.920837,P12,2015-02-20T20:45:00,ADDISON RD STA,6948999.0,2015-02-20T19:40:00,7018.0
41,2015-02-20T20:44:01,0.0,15.0,WEST,38.877274,-77.271011,1A,2015-02-20T20:37:00,VIENNA (7 CORNERS),6938453.0,2015-02-20T19:40:00,6574.0
42,2015-02-20T20:44:12,28.0,10.0,NORTH,38.909092,-77.008888,80,2015-02-20T20:41:00,FORT TOTTEN STA,6966752.0,2015-02-20T19:41:00,2402.0
43,2015-02-20T20:44:09,0.0,14.0,EAST,38.948856,-76.872368,G16,2015-02-20T20:25:00,NEW CARROLTON STA,6954942.0,2015-02-20T19:42:00,6187.0
44,2015-02-20T20:44:14,16.0,15.0,WEST,39.036663,-77.050606,C4,2015-02-20T20:47:00,TWINBROOK STA,7156868.0,2015-02-20T19:42:00,7235.0
45,2015-02-20T20:44:13,21.0,10.0,NORTH,39.041828,-76.987076,K6,2015-02-20T20:24:00,WHITE OAK,6966239.0,2015-02-20T19:45:00,7259.0
46,2015-02-20T20:43:55,0.0,15.0,WEST,38.846001,-76.996658,W2,2015-02-20T20:49:00,ANACSTIA VIA WA OVRLK,7167626.0,2015-02-20T19:45:00,3768.0
47,2015-02-20T20:43:49,18.0,12.0,SOUTH,38.8764,-77.003471,P6,2015-02-20T20:36:00,ANACOSTIA STA,6956327.0,2015-02-20T19:45:00,8054.0
48,2015-02-20T20:43:49,5.0,14.0,EAST,38.893959,-77.000641,D6,2015-02-20T20:50:00,STADIUM ARMRY,6956753.0,2015-02-20T19:45:00,2352.0
49,2015-02-20T20:43:54,1.0,12.0,SOUTH,38.858242,-76.953865,F14,2015-02-20T20:46:00,NAYLOR RD STA,6930178.0,2015-02-20T19:45:00,7067.0
50,2015-02-20T20:43:40,0.0,10.0,NORTH,38.868576,-77.053719,9A,2015-02-20T20:16:00,PENTAGON,6946457.0,2015-02-20T19:45:00,2608.0
51,2015-02-20T20:44:08,5.0,10.0,NORTH,38.88208,-77.111382,10B,2015-02-20T20:39:00,BALLSTON STA,6943692.0,2015-02-20T19:45:00,2633.0
52,2015-02-20T20:44:07,59.0,10.0,NORTH,38.81646,-77.015335,P6,2015-02-20T20:38:00,RHODE ISLAND STA,6956390.0,2015-02-20T19:45:00,8017.0
53,2015-02-20T20:43:56,37.0,10.0,NORTH,38.922176,-77.02224,70,2015-02-20T20:44:00,SILVER SPRING,6933178.0,2015-02-20T19:46:00,6346.0
54,2015-02-20T20:43:48,8.0,12.0,SOUTH,38.919781,-76.996101,83,2015-02-20T20:35:00,RHODE ISLAND AVE STA,6962586.0,2015-02-20T19:48:00,2312.0
55,2015-02-20T20:43:43,0.0,15.0,WEST,38.915989,-77.067947,30N,2015-02-20T21:04:00,FRIENDSHIP HGTS,7177340.0,2015-02-20T19:48:00,7163.0
56,2015-02-20T20:44:01,32.0,14.0,EAST,38.900173,-76.99453,X2,2015-02-20T20:31:00,MINNESOTA STA,6939042.0,2015-02-20T19:48:00,5419.0
57,2015-02-20T20:43:47,0.0,10.0,NORTH,38.908031,-76.934891,W4,2015-02-20T20:43:00,DEANWOOD STA,6969588.0,2015-02-20T19:48:00,6176.0
58,2015-02-20T20:44:01,-1.0,14.0,EAST,38.952267,-76.876465,F4,2015-02-20T20:47:00,NEW CARRLLTON,6970177.0,2015-02-20T19:49:00,6195.0
59,2015-02-20T20:44:12,20.0,12.0,SOUTH,38.916527,-77.021957,70,2015-02-20T20:40:00,ARCHIVES,6933283.0,2015-02-20T19:49:00,5440.0
60,2015-02-20T20:44:05,5.0,15.0,WEST,39.053867,-77.099533,C8,2015-02-20T20:45:00,WHITE FLINT (NO FDA),6929944.0,2015-02-20T19:49:00,7081.0
61,2015-02-20T20:43:59,0.0,12.0,SOUTH,38.901363,-77.030487,53,2015-02-20T20:29:00,MCPHERSON SQ,6953929.0,2015-02-20T19:49:00,6526.0
62,2015-02-20T20:43:59,18.0,10.0,NORTH,38.966068,-77.036324,S2,2015-02-20T20:36:00,SILVER SPRNG,6930968.0,2015-02-20T19:49:00,2141.0
63,2015-02-20T20:44:08,11.0,15.0,WEST,38.890305,-77.119202,23A,2015-02-20T21:01:00,TYSONS CORNER CTR,6955815.0,2015-02-20T19:50:00,2702.0
64,2015-02-20T20:43:45,20.0,12.0,SOUTH,38.899883,-77.022789,80,2015-02-20T20:48:00,KENNEDY CENTER,6966759.0,2015-02-20T19:50:00,2363.0
65,2015-02-20T20:44:10,14.0,15.0,WEST,38.881287,-77.111702,38B,2015-02-20T20:28:00,BALLSTON,6934282.0,2015-02-20T19:50:00,7194.0
66,2015-02-20T20:43:48,7.0,10.0,NORTH,39.113327,-76.930641,Z6,2015-02-20T20:37:00,BURTONSVILLE,6941364.0,2015-02-20T19:50:00,6407.0
67,2015-02-20T20:44:04,0.0,15.0,WEST,38.849586,-77.375954,1C,2015-02-20T20:44:00,WEST OX DIV (VIA MALL),6938778.0,2015-02-20T19:50:00,7198.0
68,2015-02-20T20:44:07,7.0,15.0,WEST,38.99297,-76.98632,F8,2015-02-20T20:40:00,LANGLEY PARK,6970030.0,2015-02-20T19:50:00,6185.0
69,2015-02-20T20:44:07,1.0,12.0,SOUTH,38.893574,-77.025978,33,2015-02-20T20:39:00,10TH + PENNSYLVNIA,6970710.0,2015-02-20T19:50:00,7143.0
70,2015-02-20T20:44:11,-1.0,14.0,EAST,39.011143,-76.910461,C2,2015-02-20T20:44:00,GRNBELT STA UMD ALT,7156985.0,2015-02-20T19:51:00,6351.0
71,2015-02-20T20:44:05,0.0,12.0,SOUTH,38.884769,-77.021187,54,2015-02-20T20:28:00,L ENFANT PLAZA,6953928.0,2015-02-20T19:51:00,2134.0
72,2015-02-20T20:43:53,2.0,10.0,NORTH,39.096119,-77.156311,Q2,2015-02-20T20:52:00,SHADY GRVE STA,6934858.0,2015-02-20T19:51:00,6020.0
73,2015-02-20T20:44:01,9.0,15.0,WEST,38.916969,-77.024338,96,2015-02-20T21:03:00,TENLEYTOWN STA,6944903.0,2015-02-20T19:51:00,2314.0
74,2015-02-20T20:43:42,7.0,17.0,LOOP,38.889153,-76.937225,U8,2015-02-20T20:44:00,MINN STA VIA CAPT+BENN,6949881.0,2015-02-20T19:51:00,6172.0
75,2015-02-20T20:44:07,0.0,17.0,LOOP,38.89196,-76.951439,U5,2015-02-20T20:51:00,MINNESOTA AVE,6938236.0,2015-02-20T19:52:00,6161.0
76,2015-02-20T20:43:46,19.0,14.0,EAST,38.952099,-76.940605,F8,2015-02-20T20:41:00,CHEVERLY STA,6970016.0,2015-02-20T19:52:00,7035.0
77,2015-02-20T20:43:50,1.0,15.0,WEST,38.940998,-77.061714,H2,2015-02-20T20:29:00,TENLEYTOWN AU-STA,6947855.0,2015-02-20T19:52:00,2403.0
78,2015-02-20T20:44:11,5.0,10.0,NORTH,38.933361,-76.867676,F14,2015-02-20T20:48:00,NEW CARROLTON STA,6930152.0,2015-02-20T19:52:00,6177.0
79,2015-02-20T20:43:55,11.0,12.0,SOUTH,38.959736,-76.948174,86,2015-02-20T20:50:00,RHODE ISLAND,6962560.0,2015-02-20T19:53:00,2379.0
80,2015-02-20T20:44:01,-1.0,10.0,NORTH,39.11982,-77.164986,Q6,2015-02-20T20:37:00,SHADY GRVE STA,6934857.0,2015-02-20T19:54:00,7085.0
81,2015-02-20T20:44:04,11.0,10.0,NORTH,38.971386,-77.033325,53,2015-02-20T20:41:00,TAKOMA STA,6953752.0,2015-02-20T19:54:00,5313.0
82,2015-02-20T20:43:55,10.0,12.0,SOUTH,38.900135,-77.034943,S2,2015-02-20T20:42:00,FEDTRIANGLE,6931113.0,2015-02-20T19:54:00,2114.0
83,2015-02-20T20:43:46,0.0,10.0,NORTH,39.017448,-76.937973,83,2015-02-20T20:47:00,CHERRY HILL,6962538.0,2015-02-20T19:55:00,2302.0
84,2015-02-20T20:44:01,0.0,12.0,SOUTH,38.994789,-77.02874,Z8,2015-02-20T20:40:00,SILVER SPRING STA,6941552.0,2015-02-20T19:55:00,7232.0
85,2015-02-20T20:44:09,5.0,12.0,SOUTH,39.043842,-77.06292,Q2,2015-02-20T21:01:00,SILVR SPRNG STA,6934929.0,2015-02-20T19:55:00,6411.0
86,2015-02-20T20:43:49,0.0,10.0,NORTH,39.112545,-77.07579,Y7,2015-02-20T20:48:00,GA AVE+ICC P&R,7155812.0,2015-02-20T19:55:00,6408.0
87,2015-02-20T20:44:10,3.0,15.0,WEST,38.830692,-77.196762,3A,2015-02-20T20:49:00,PATRIOT+AMRICNA,6960970.0,2015-02-20T19:55:00,6586.0
88,2015-02-20T20:44:11,3.0,14.0,EAST,38.869469,-77.146103,1A,2015-02-20T20:54:00,BALLSTON (7 CORNERS),6938516.0,2015-02-20T19:55:00,6577.0
89,2015-02-20T20:43:45,23.0,10.0,NORTH,38.929485,-77.072914,31,2015-02-20T20:36:00,FRIENDSHIP HGTS,6970627.0,2015-02-20T19:55:00,7144.0
90,2015-02-20T20:43:51,2.0,12.0,SOUTH,38.840878,-77.307198,17A,2015-02-20T20:43:00,G MASON UNIV HOV,6960831.0,2015-02-20T19:55:00,6588.0
91,2015-02-20T20:44:10,2.0,14.0,EAST,38.851379,-77.126747,28A,2015-02-20T21:07:00,KING ST STA,6951298.0,2015-02-20T19:55:00,2726.0
92,2015-02-20T20:43:55,4.0,10.0,NORTH,38.799248,-77.075401,REX,2015-02-20T20:45:00,KING ST STA,6937744.0,2015-02-20T19:56:00,6557.0
93,2015-02-20T20:43:59,-4.0,14.0,EAST,39.020226,-76.976738,C8,2015-02-20T21:11:00,COLLEGE PARK (NO FDA),6929915.0,2015-02-20T19:56:00,6397.0
94,2015-02-20T20:44:00,6.0,12.0,SOUTH,38.961773,-77.084831,T2,2015-02-20T20:38:00,FRIENDSHIP HTS,6929701.0,2015-02-20T19:56:00,7255.0
95,2015-02-20T20:44:10,3.0,15.0,WEST,38.871796,-77.15538,28A,2015-02-20T21:10:00,TYSONS CORNER STA,6951251.0,2015-02-20T19:56:00,2578.0
96,2015-02-20T20:44:08,4.0,15.0,WEST,38.961456,-77.08503,E2,2015-02-20T20:38:00,FRIENDSHP HTS,6963432.0,2015-02-20T19:58:00,6478.0
97,2015-02-20T20:43:52,21.0,10.0,NORTH,38.928833,-77.02314,70,2015-02-20T20:56:00,SILVER SPRING,6933179.0,2015-02-20T19:58:00,6375.0
98,2015-02-20T20:44:03,10.0,10.0,NORTH,38.960423,-77.036346,S4,2015-02-20T20:44:00,SILVER SPRNG,6930842.0,2015-02-20T19:59:00,2137.0
99,2015-02-20T20:44:04,33.0,12.0,SOUTH,38.946262,-77.036484,S9,2015-02-20T20:37:00,FRANKLIN SQ,6932248.0,2015-02-20T19:59:00,6441.0
100,2015-02-20T20:44:02,44.0,12.0,SOUTH,38.993477,-77.027657,Y7,2015-02-20T20:45:00,SILVER SPRING STA,7155901.0,2015-02-20T20:00:00,6399.0
101,2015-02-20T20:17:45,18.0,14.0,EAST,38.849125,-77.377914,1C,2015-02-20T20:52:00,DUNN LORING (VIA MALL),6938818.0,2015-02-20T20:00:00,7196.0
102,2015-02-20T20:44:04,3.0,10.0,NORTH,39.191528,-76.672836,B30,2015-02-20T20:38:00,BWI LT RAIL STA,6960628.0,2015-02-20T20:00:00,6217.0
103,2015-02-20T20:44:06,7.0,14.0,EAST,38.865406,-77.240616,1C,2015-02-20T20:52:00,DUNN LORING (VIA MALL),6938818.0,2015-02-20T20:00:00,6605.0
104,2015-02-20T20:43:39,7.0,15.0,WEST,38.899921,-77.029671,G8,2015-02-20T20:46:00,FARRAGUT SQUARE,6929406.0,2015-02-20T20:00:00,2822.0
105,2015-02-20T20:43:57,4.0,14.0,EAST,38.832794,-76.946228,D12,2015-02-20T20:50:00,SUITLAND STA,6959339.0,2015-02-20T20:00:00,6140.0
106,2015-02-20T20:43:44,0.0,11.0,CLOCKWIS,38.862759,-76.995926,W6,2015-02-20T20:40:00,ANACOSTIA,6990725.0,2015-02-20T20:00:00,3052.0
107,2015-02-20T20:44:07,12.0,15.0,WEST,38.966972,-76.959122,F4,2015-02-20T20:57:00,SILVR SPRING STA,6970243.0,2015-02-20T20:00:00,7050.0
108,2015-02-20T20:43:51,-7.0,14.0,EAST,38.945683,-76.977409,G8,2015-02-20T20:51:00,AVONDALE,6929342.0,2015-02-20T20:00:00,2801.0
109,2015-02-20T20:44:06,-2.0,15.0,WEST,38.951702,-77.382813,5A,2015-02-20T20:57:00,DULLES AIRPORT,6935984.0,2015-02-20T20:00:00,8037.0
110,2015-02-20T20:44:07,-5.0,10.0,NORTH,38.933537,-76.961327,B2,2015-02-20T20:52:00,MOUNT RAINIER,6942963.0,2015-02-20T20:00:00,2335.0
111,2015-02-20T20:43:57,17.0,10.0,NORTH,38.920097,-77.00058,D8,2015-02-20T20:38:00,VETERANS ADMIN MED CTR,6950253.0,2015-02-20T20:00:00,2461.0
112,2015-02-20T20:43:50,25.0,14.0,EAST,38.900124,-77.009872,X2,2015-02-20T20:43:00,MINNESOTA STA,6939043.0,2015-02-20T20:00:00,5410.0
113,2015-02-20T20:43:52,0.0,15.0,WEST,38.882267,-77.229317,2A,2015-02-20T20:32:00,DUNN LORING STA,6935378.0,2015-02-20T20:00:00,7181.0
114,2015-02-20T20:43:46,7.0,14.0,EAST,38.867809,-77.097038,23A,2015-02-20T21:08:00,CRYSTAL CTY,6955872.0,2015-02-20T20:00:00,2660.0
115,2015-02-20T20:43:59,0.0,12.0,SOUTH,38.88237,-77.229378,2T,2015-02-20T20:32:00,DUN LORNG STA,6935700.0,2015-02-20T20:00:00,6601.0
116,2015-02-20T20:44:07,1.0,15.0,WEST,38.910568,-77.053596,D6,2015-02-20T21:07:00,SIBLEY HOSP,6956646.0,2015-02-20T20:00:00,2450.0
117,2015-02-20T20:43:44,-3.0,10.0,NORTH,38.955708,-77.033089,52,2015-02-20T20:47:00,14TH+COLORADO,6953754.0,2015-02-20T20:00:00,5311.0
118,2015-02-20T20:43:55,1.0,12.0,SOUTH,38.915939,-76.883591,A12,2015-02-20T20:52:00,ADDISON RD STA,6967816.0,2015-02-20T20:00:00,7057.0
119,2015-02-20T20:44:07,-49.0,10.0,NORTH,38.916664,-77.008919,80,2015-02-20T21:00:00,FORT TOTTEN STA,6966722.0,2015-02-20T20:00:00,2341.0
120,2015-02-20T20:44:04,7.0,10.0,NORTH,39.040901,-76.991035,K6,2015-02-20T20:40:00,WHITE OAK,6966260.0,2015-02-20T20:00:00,7263.0
121,2015-02-20T20:44:08,11.0,10.0,NORTH,38.992668,-77.036156,S9,2015-02-20T20:39:00,SILVER SPRING STA,6932189.0,2015-02-20T20:00:00,6426.0
122,2015-02-20T20:44:08,42.0,12.0,SOUTH,38.849194,-77.377716,2T,2015-02-20T20:32:00,DUN LORNG STA,6935700.0,2015-02-20T20:00:00,7174.0
123,2015-02-20T20:43:58,10.0,14.0,EAST,38.896709,-77.080971,5A,2015-02-20T20:48:00,LENFANT PLAZA,6935949.0,2015-02-20T20:00:00,8029.0
124,2015-02-20T20:43:55,0.0,10.0,NORTH,38.928951,-76.892319,A12,2015-02-20T20:56:00,CAPITAL PLAZA,6967865.0,2015-02-20T20:00:00,7009.0
125,2015-02-20T20:43:52,4.0,14.0,EAST,38.817162,-77.131393,29K,2015-02-20T20:55:00,KING ST STA,6948849.0,2015-02-20T20:00:00,2605.0
126,2015-02-20T20:44:13,-2.0,14.0,EAST,38.894283,-77.025368,30N,2015-02-20T21:17:00,NAYLOR RD STA,7177385.0,2015-02-20T20:00:00,6472.0
127,2015-02-20T20:43:57,5.0,12.0,SOUTH,38.912582,-77.02198,70,2015-02-20T20:52:00,ARCHIVES,6933284.0,2015-02-20T20:01:00,6377.0
128,2015-02-20T20:43:47,10.0,10.0,NORTH,38.916161,-77.021622,90,2015-02-20T20:52:00,DK ELLNGTN BRDG,7003621.0,2015-02-20T20:01:00,6335.0
129,2015-02-20T20:44:07,4.0,12.0,SOUTH,38.869354,-76.979134,B2,2015-02-20T20:50:00,ANACOSTIA STA,6943065.0,2015-02-20T20:01:00,2344.0
130,2015-02-20T20:44:05,29.0,14.0,EAST,38.865849,-77.061455,16G,2015-02-20T20:16:00,PENTAGON CITY,6940929.0,2015-02-20T20:02:00,2564.0
131,2015-02-20T20:44:13,6.0,10.0,NORTH,39.093296,-76.93676,Z8,2015-02-20T20:39:00,GREENCASTLE,6941521.0,2015-02-20T20:02:00,7099.0
132,2015-02-20T20:44:08,-1.0,14.0,EAST,38.925972,-76.978981,E2,2015-02-20T20:52:00,IVY CITY,6963507.0,2015-02-20T20:02:00,6467.0
133,2015-02-20T20:44:05,0.0,12.0,SOUTH,38.866398,-76.983101,92,2015-02-20T20:58:00,CNGRESS HTS STA,7003765.0,2015-02-20T20:03:00,6333.0
134,2015-02-20T20:44:06,4.0,14.0,EAST,38.869896,-76.961945,36,2015-02-20T20:52:00,NAYLOR RD STA,6968816.0,2015-02-20T20:04:00,2383.0
135,2015-02-20T20:43:58,3.0,15.0,WEST,38.879387,-77.021683,V7,2015-02-20T20:48:00,BUR OF ENGRVNG,6932721.0,2015-02-20T20:04:00,6148.0
136,2015-02-20T20:44:12,0.0,15.0,WEST,38.901409,-77.038116,36,2015-02-20T20:55:00,VIRGINIA AVE+E ST,6968710.0,2015-02-20T20:04:00,2504.0
137,2015-02-20T20:44:09,0.0,12.0,SOUTH,39.039001,-77.051079,Y8,2015-02-20T21:00:00,SILVER SPR STA,7155860.0,2015-02-20T20:04:00,2191.0
138,2015-02-20T20:43:56,3.0,14.0,EAST,38.962727,-76.931328,F4,2015-02-20T21:02:00,NEW CARRLLTON,6970178.0,2015-02-20T20:04:00,7007.0
139,2015-02-20T20:44:06,7.0,10.0,NORTH,38.90506,-76.995667,92,2015-02-20T20:53:00,REEVES CTR,7003622.0,2015-02-20T20:04:00,8026.0
140,2015-02-20T20:44:07,10.0,15.0,WEST,38.937241,-77.066452,H4,2015-02-20T20:42:00,TENLEYTOWN AU-STA,6947945.0,2015-02-20T20:04:00,2457.0
141,2015-02-20T20:43:50,2.0,15.0,WEST,39.026333,-77.138924,J2,2015-02-20T20:43:00,MONTGMRY MALL /CEDR,6944240.0,2015-02-20T20:05:00,6371.0
142,2015-02-20T20:43:55,19.0,14.0,EAST,38.928619,-77.030312,H2,2015-02-20T20:42:00,ST - BROOKLND CUA STA,6947993.0,2015-02-20T20:05:00,2319.0
143,2015-02-20T20:43:57,1.0,15.0,WEST,38.895569,-77.032005,30S,2015-02-20T21:24:00,FRIENDSHIP HGTS,7177341.0,2015-02-20T20:05:00,7153.0
144,2015-02-20T20:43:55,-1.0,14.0,EAST,38.993866,-77.032623,J2,2015-02-20T20:48:00,SILVR SPRNG STA,6944341.0,2015-02-20T20:05:00,6396.0
145,2015-02-20T20:43:58,39.0,14.0,EAST,39.046906,-77.107651,J2,2015-02-20T20:48:00,SILVR SPRNG STA,6944341.0,2015-02-20T20:05:00,6409.0
146,2015-02-20T20:43:49,0.0,14.0,EAST,38.88649,-77.157043,3T,2015-02-20T20:47:00,E FALLS CH STA,6934685.0,2015-02-20T20:05:00,7171.0
147,2015-02-20T20:44:08,-2.0,15.0,WEST,38.8549,-77.224121,1A,2015-02-20T21:02:00,VIENNA (7 CORNERS),6938432.0,2015-02-20T20:05:00,6581.0
148,2015-02-20T20:44:08,17.0,14.0,EAST,38.919907,-77.041794,96,2015-02-20T21:22:00,CAPITOL HTS STA,6944832.0,2015-02-20T20:06:00,2356.0
149,2015-02-20T20:44:09,10.0,10.0,NORTH,38.9258,-77.037628,42,2015-02-20T20:40:00,MT PLEASANT,6965313.0,2015-02-20T20:06:00,7122.0
150,2015-02-20T20:43:52,4.0,12.0,SOUTH,38.715187,-77.137177,REX,2015-02-20T20:50:00,JACKSON + GUNSTON,6937675.0,2015-02-20T20:06:00,6551.0
151,2015-02-20T20:44:13,3.0,17.0,LOOP,38.888615,-76.937088,U8,2015-02-20T20:59:00,MINN STA VIA CAPT+BENN,6949882.0,2015-02-20T20:06:00,6153.0
152,2015-02-20T20:43:59,-1.0,12.0,SOUTH,38.88998,-76.994949,90,2015-02-20T21:01:00,ANACOSTIA,7003766.0,2015-02-20T20:07:00,6301.0
153,2015-02-20T20:44:12,0.0,10.0,NORTH,39.077389,-77.124542,Q2,2015-02-20T21:06:00,SHADY GRVE STA,6934859.0,2015-02-20T20:07:00,7250.0
154,2015-02-20T20:43:55,10.0,12.0,SOUTH,39.015896,-76.897171,89,2015-02-20T20:37:00,GREENBELT STA,6954743.0,2015-02-20T20:08:00,6207.0
155,2015-02-20T20:44:13,-9.0,15.0,WEST,38.961647,-77.084915,N4,2015-02-20T20:47:00,FRIENDSHP HTS,6962888.0,2015-02-20T20:08:00,6470.0
156,2015-02-20T20:44:06,2.0,10.0,NORTH,39.092697,-77.076286,L8,2015-02-20T20:42:00,ASPEN HILL,6947180.0,2015-02-20T20:08:00,6364.0
157,2015-02-20T20:44:07,0.0,10.0,NORTH,38.959873,-77.036346,S2,2015-02-20T20:56:00,SILVER SPRNG,6930927.0,2015-02-20T20:09:00,6488.0
158,2015-02-20T20:44:03,-2.0,14.0,EAST,38.920513,-76.995811,H8,2015-02-20T20:45:00,RHODE ISLAND,6968139.0,2015-02-20T20:10:00,2366.0
159,2015-02-20T20:43:55,14.0,10.0,NORTH,38.983761,-76.976463,R2,2015-02-20T20:55:00,CALVERTON,6964489.0,2015-02-20T20:10:00,2350.0
160,2015-02-20T20:43:56,7.0,15.0,WEST,38.899883,-77.022873,X2,2015-02-20T20:47:00,LAFAYTTE SQ,6939181.0,2015-02-20T20:10:00,5407.0
161,2015-02-20T20:44:04,4.0,12.0,SOUTH,38.904179,-77.055008,31,2015-02-20T20:46:00,POTOMAC PARK,6970711.0,2015-02-20T20:10:00,7151.0
162,2015-02-20T20:44:03,0.0,10.0,NORTH,39.073086,-77.065224,Y2,2015-02-20T21:11:00,MONTG MED CTR,7155768.0,2015-02-20T20:10:00,5439.0
163,2015-02-20T20:44:12,4.0,14.0,EAST,38.829407,-76.967941,P12,2015-02-20T21:15:00,ADDISON RD STA,6949013.0,2015-02-20T20:10:00,2212.0
164,2015-02-20T20:44:11,6.0,10.0,NORTH,38.863964,-76.947289,W4,2015-02-20T21:00:00,DEANWOOD STA,6969589.0,2015-02-20T20:10:00,6164.0
165,2015-02-20T20:43:45,0.0,10.0,NORTH,38.975353,-77.017143,62,2015-02-20T20:32:00,TAKOMA STATION,6959690.0,2015-02-20T20:10:00,2119.0
166,2015-02-20T20:43:59,3.0,15.0,WEST,38.832394,-77.207191,29N,2015-02-20T21:09:00,VIENNA STA (VIA MALL),6948796.0,2015-02-20T20:10:00,7202.0
167,2015-02-20T20:43:59,5.0,15.0,WEST,38.93198,-77.038696,H8,2015-02-20T20:37:00,MT PLEASNT+17TH,6968054.0,2015-02-20T20:10:00,2435.0
168,2015-02-20T20:44:09,0.0,12.0,SOUTH,38.826443,-76.911858,K12,2015-02-20T20:43:00,BRANCH AVE(NO ANDREWS),6951006.0,2015-02-20T20:10:00,7073.0
169,2015-02-20T20:43:49,14.0,15.0,WEST,38.854862,-77.115082,16G,2015-02-20T20:38:00,DINWIDDIE+COLUMBIA,6940819.0,2015-02-20T20:10:00,2674.0
170,2015-02-20T20:43:43,9.0,12.0,SOUTH,38.902733,-77.032043,52,2015-02-20T20:47:00,L ENFANT PLAZA,6953930.0,2015-02-20T20:11:00,6494.0
171,2015-02-20T20:44:13,18.0,10.0,NORTH,38.917065,-77.021896,70,2015-02-20T21:03:00,SILVER SPRING,6933180.0,2015-02-20T20:11:00,6390.0
172,2015-02-20T20:44:07,-4.0,14.0,EAST,38.904022,-77.040253,N6,2015-02-20T20:48:00,FARRAGUT SQ,6962991.0,2015-02-20T20:11:00,7115.0
173,2015-02-20T20:44:01,8.0,12.0,SOUTH,38.933624,-76.994255,R4,2015-02-20T20:35:00,BROOKLAND STA,6964669.0,2015-02-20T20:11:00,2328.0
174,2015-02-20T20:43:53,0.0,17.0,LOOP,38.889606,-76.937958,U6,2015-02-20T21:13:00,MINNESOTA VIA HAYES,6938237.0,2015-02-20T20:11:00,6169.0
175,2015-02-20T20:44:08,1.0,12.0,SOUTH,38.859898,-76.96701,W4,2015-02-20T21:07:00,ANACOSTIA STA,6969650.0,2015-02-20T20:11:00,6142.0
176,2015-02-20T20:44:14,1.0,15.0,WEST,39.014614,-77.004593,C4,2015-02-20T21:17:00,TWINBROOK STA,7156869.0,2015-02-20T20:12:00,7257.0
177,2015-02-20T20:43:54,0.0,14.0,EAST,38.901623,-77.02565,X2,2015-02-20T20:50:00,MINNESOTA STA,6939044.0,2015-02-20T20:12:00,5417.0
178,2015-02-20T20:44:08,22.0,10.0,NORTH,38.901424,-77.043335,33,2015-02-20T20:56:00,FRIENDSHIP HGTS,6970628.0,2015-02-20T20:12:00,7162.0
179,2015-02-20T20:43:19,28.0,15.0,WEST,38.947529,-77.032104,G2,2015-02-20T20:43:00,GEORGETOWN UNIV,6967270.0,2015-02-20T20:12:00,6519.0
180,2015-02-20T20:43:53,31.0,10.0,NORTH,38.837036,-76.975327,A2,2015-02-20T20:40:00,ANACOSTIA,6957792.0,2015-02-20T20:13:00,6319.0
181,2015-02-20T20:43:52,-5.0,12.0,SOUTH,39.028645,-76.901459,B30,2015-02-20T20:52:00,GREENBELT STA,6960632.0,2015-02-20T20:13:00,6216.0
182,2015-02-20T20:44:13,-1.0,14.0,EAST,38.861286,-77.091591,16A,2015-02-20T20:55:00,PENTAGON,6940333.0,2015-02-20T20:13:00,2621.0
183,2015-02-20T20:43:46,17.0,12.0,SOUTH,38.963608,-77.027863,70,2015-02-20T21:04:00,ARCHIVES,6933285.0,2015-02-20T20:13:00,5436.0
184,2015-02-20T20:43:57,3.0,10.0,NORTH,38.939919,-77.021469,64,2015-02-20T20:53:00,FORT TOTTEN,6949407.0,2015-02-20T20:13:00,6511.0
185,2015-02-20T20:44:11,7.0,14.0,EAST,38.869469,-77.065567,16B,2015-02-20T20:40:00,PENTAGON,6940332.0,2015-02-20T20:14:00,2642.0
186,2015-02-20T20:44:13,23.0,12.0,SOUTH,38.963261,-77.03643,S9,2015-02-20T20:52:00,FRANKLIN SQ,6932249.0,2015-02-20T20:14:00,6438.0
187,2015-02-20T20:43:47,1.0,15.0,WEST,38.846779,-77.125511,28A,2015-02-20T21:29:00,TYSONS CORNER STA,6951266.0,2015-02-20T20:15:00,2677.0
188,2015-02-20T20:44:01,9.0,10.0,NORTH,38.858925,-77.051163,MW1,2015-02-20T20:35:00,CRYSTAL CITY,6942149.0,2015-02-20T20:15:00,8007.0
189,2015-02-20T20:44:14,0.0,15.0,WEST,38.871056,-77.153397,4A,2015-02-20T20:31:00,SEVEN CORNERS,6969304.0,2015-02-20T20:15:00,2729.0
190,2015-02-20T20:44:13,8.0,14.0,EAST,38.885921,-76.904831,V15,2015-02-20T20:55:00,PENN MAR,6948611.0,2015-02-20T20:15:00,7014.0
191,2015-02-20T20:43:59,2.0,15.0,WEST,38.860458,-76.969925,W2,2015-02-20T21:19:00,ANACSTIA VIA WA OVRLK,7167627.0,2015-02-20T20:15:00,3056.0
192,2015-02-20T20:44:07,-2.0,10.0,NORTH,38.921333,-77.222,2T,2015-02-20T20:46:00,TYSN CRN STA,6935725.0,2015-02-20T20:15:00,7205.0
193,2015-02-20T20:44:12,6.0,10.0,NORTH,38.855782,-77.053009,9A,2015-02-20T20:43:00,PENTAGON,6946458.0,2015-02-20T20:15:00,2590.0
194,2015-02-20T20:43:48,5.0,12.0,SOUTH,38.812885,-77.053673,10A,2015-02-20T20:52:00,HUNTING POINT,6945332.0,2015-02-20T20:15:00,2515.0
195,2015-02-20T20:43:45,1.0,12.0,SOUTH,38.822845,-77.134689,7A,2015-02-20T20:45:00,LINCOLNIA+QUANTRELL,6961613.0,2015-02-20T20:15:00,2611.0
196,2015-02-20T20:44:06,5.0,12.0,SOUTH,38.922443,-77.043144,L2,2015-02-20T20:51:00,FARRAGUT SQ,6946849.0,2015-02-20T20:15:00,7158.0
197,2015-02-20T20:44:00,5.0,12.0,SOUTH,39.079727,-77.13797,Q2,2015-02-20T21:21:00,SILVR SPRNG STA,6934930.0,2015-02-20T20:15:00,7245.0
198,2015-02-20T20:43:49,20.0,14.0,EAST,38.902531,-77.010384,D4,2015-02-20T20:40:00,IVY CITY,6957096.0,2015-02-20T20:15:00,2348.0
199,2015-02-20T20:44:13,1.0,10.0,NORTH,38.842842,-77.076561,10B,2015-02-20T21:09:00,BALLSTON STA,6943707.0,2015-02-20T20:15:00,2637.0
200,2015-02-20T20:32:27,17.0,15.0,WEST,38.936737,-76.874565,T18,2015-02-20T20:55:00,R I AVE STA,6967632.0,2015-02-20T20:15:00,7003.0
201,2015-02-20T20:43:54,0.0,12.0,SOUTH,38.809151,-76.957275,H12,2015-02-20T20:44:00,HEATHER HILL,6962351.0,2015-02-20T20:15:00,7022.0
202,2015-02-20T20:43:41,4.0,14.0,EAST,38.885056,-77.127113,2A,2015-02-20T20:45:00,BALLSTON STA,6935427.0,2015-02-20T20:15:00,6592.0
203,2015-02-20T20:44:05,-5.0,12.0,SOUTH,38.95507,-77.004623,K6,2015-02-20T20:50:00,FORT TOTTEN STA,6966320.0,2015-02-20T20:15:00,6029.0
204,2015-02-20T20:44:05,-7.0,15.0,WEST,38.916306,-77.208496,3T,2015-02-20T20:57:00,MCLEAN STATION,6934653.0,2015-02-20T20:15:00,3751.0
205,2015-02-20T20:44:03,4.0,12.0,SOUTH,38.975346,-76.971771,R2,2015-02-20T20:50:00,FORT TOTTEN,6964542.0,2015-02-20T20:15:00,2376.0
206,2015-02-20T20:44:11,-1.0,12.0,SOUTH,38.827808,-77.110718,25B,2015-02-20T21:10:00,VAN DORN,6946314.0,2015-02-20T20:15:00,2606.0
207,2015-02-20T20:44:08,18.0,12.0,SOUTH,38.97205,-77.036385,S4,2015-02-20T20:57:00,FED TRIANGLE,6931114.0,2015-02-20T20:15:00,5317.0
208,2015-02-20T20:43:50,1.0,15.0,WEST,38.888832,-77.092979,38B,2015-02-20T20:53:00,BALLSTON,6934297.0,2015-02-20T20:15:00,7182.0
209,2015-02-20T20:44:04,7.0,15.0,WEST,38.854855,-77.115219,16J,2015-02-20T20:51:00,CULMORE,6940246.0,2015-02-20T20:15:00,2534.0
210,2015-02-20T20:43:54,0.0,15.0,WEST,38.938694,-76.955742,T18,2015-02-20T20:55:00,R I AVE STA,6967632.0,2015-02-20T20:15:00,7074.0
211,2015-02-20T20:44:01,4.0,10.0,NORTH,39.00386,-76.982239,K6,2015-02-20T20:55:00,WHITE OAK,6966268.0,2015-02-20T20:15:00,7256.0
212,2015-02-20T20:44:05,0.0,16.0,ANTICLKW,38.864872,-76.976936,W8,2015-02-20T20:50:00,ANACOSTIA,6989647.0,2015-02-20T20:15:00,3048.0
213,2015-02-20T20:43:54,2.0,14.0,EAST,38.906605,-77.046364,D6,2015-02-20T21:20:00,STADIUM ARMRY,6956754.0,2015-02-20T20:15:00,2347.0
214,2015-02-20T20:44:08,0.0,15.0,WEST,38.886372,-77.156731,3A,2015-02-20T20:42:00,E FALLS CHURCH STA,6960981.0,2015-02-20T20:15:00,6578.0
215,2015-02-20T20:44:12,2.0,10.0,NORTH,38.966816,-77.036301,S9,2015-02-20T20:54:00,SILVER SPRING STA,6932190.0,2015-02-20T20:15:00,6452.0
216,2015-02-20T20:43:45,-3.0,14.0,EAST,38.953419,-77.00441,E4,2015-02-20T20:57:00,RIGGS PK,6963508.0,2015-02-20T20:17:00,7165.0
217,2015-02-20T20:44:09,15.0,14.0,EAST,38.869659,-77.065514,16G,2015-02-20T20:31:00,PENTAGON CITY,6940930.0,2015-02-20T20:17:00,2655.0
218,2015-02-20T20:44:10,5.0,12.0,SOUTH,38.912144,-76.989433,D8,2015-02-20T20:52:00,UNION,6950179.0,2015-02-20T20:17:00,2815.0
219,2015-02-20T20:43:51,3.0,15.0,WEST,38.98484,-76.964584,C2,2015-02-20T21:14:00,WHEATN STA UMD ALT,7156944.0,2015-02-20T20:18:00,4239.0
220,2015-02-20T20:44:08,4.0,10.0,NORTH,38.827316,-77.109886,25B,2015-02-20T21:11:00,BALLSTON,6946333.0,2015-02-20T20:18:00,2524.0
221,2015-02-20T20:43:43,-3.0,15.0,WEST,38.901512,-77.03009,D4,2015-02-20T20:39:00,FRANKLIN SQUARE,6957047.0,2015-02-20T20:18:00,2309.0
222,2015-02-20T20:44:02,3.0,14.0,EAST,38.983475,-77.096039,J2,2015-02-20T21:01:00,SILVR SPRNG STA,6944370.0,2015-02-20T20:18:00,7231.0
223,2015-02-20T20:44:05,7.0,14.0,EAST,38.885189,-77.087914,4B,2015-02-20T20:47:00,ROSSLYN,6969392.0,2015-02-20T20:18:00,2602.0
224,2015-02-20T20:43:39,-3.0,15.0,WEST,38.979298,-76.954544,F6,2015-02-20T21:19:00,FT TOTTEN STA,6970555.0,2015-02-20T20:18:00,3040.0
225,2015-02-20T20:44:03,0.0,10.0,NORTH,38.923759,-77.041023,42,2015-02-20T20:52:00,MT PLEASANT,6965314.0,2015-02-20T20:18:00,7109.0
226,2015-02-20T20:44:10,5.0,10.0,NORTH,38.836651,-76.955009,H12,2015-02-20T20:45:00,NAYLOR RD (MACYS),6962308.0,2015-02-20T20:18:00,6200.0
227,2015-02-20T20:43:51,3.0,15.0,WEST,39.029758,-76.983482,C8,2015-02-20T21:15:00,WHITE FLINT (NO FDA),6929945.0,2015-02-20T20:19:00,6355.0
228,2015-02-20T20:43:03,0.0,10.0,NORTH,38.914299,-77.031906,54,2015-02-20T21:07:00,14TH+COLORADO,6953756.0,2015-02-20T20:19:00,6535.0
229,2015-02-20T20:43:54,-2.0,15.0,WEST,38.825394,-77.012589,W1,2015-02-20T20:49:00,FORT DRUM,6965924.0,2015-02-20T20:19:00,3068.0
230,2015-02-20T20:44:04,-1.0,10.0,NORTH,38.9729,-76.914612,R12,2015-02-20T21:08:00,GREENBELT STA,6948520.0,2015-02-20T20:20:00,6178.0
231,2015-02-20T20:44:01,-2.0,10.0,NORTH,38.887836,-76.977234,B2,2015-02-20T21:12:00,MOUNT RAINIER,6942964.0,2015-02-20T20:20:00,2368.0
232,2015-02-20T20:44:11,1.0,10.0,NORTH,38.973354,-76.937744,83,2015-02-20T21:12:00,CHERRY HILL,6962499.0,2015-02-20T20:20:00,2351.0
233,2015-02-20T20:43:46,-2.0,12.0,SOUTH,38.922726,-77.032059,53,2015-02-20T21:00:00,MCPHERSON SQ,6953932.0,2015-02-20T20:20:00,7228.0
234,2015-02-20T20:43:36,5.0,14.0,EAST,38.896049,-77.189186,28A,2015-02-20T21:32:00,KING ST STA,6951299.0,2015-02-20T20:20:00,2618.0
235,2015-02-20T20:44:00,3.0,14.0,EAST,38.942364,-76.914803,T18,2015-02-20T20:58:00,NEW CARROLLTON STA,6967582.0,2015-02-20T20:20:00,7021.0
236,2015-02-20T20:43:51,1.0,14.0,EAST,38.873672,-77.314476,2B,2015-02-20T21:11:00,DUNN LORING STATION,6935866.0,2015-02-20T20:20:00,6579.0
237,2015-02-20T20:43:51,7.0,12.0,SOUTH,38.846741,-77.083786,10B,2015-02-20T21:15:00,HUNTING POINT,6943666.0,2015-02-20T20:20:00,2718.0
238,2015-02-20T20:44:05,0.0,12.0,SOUTH,38.908249,-77.009117,80,2015-02-20T21:18:00,KENNEDY CENTER,6966763.0,2015-02-20T20:20:00,2806.0
239,2015-02-20T20:44:02,5.0,14.0,EAST,38.834522,-76.942909,C12,2015-02-20T20:49:00,BRANCH AVE STA,6960309.0,2015-02-20T20:20:00,6141.0
240,2015-02-20T20:43:57,-3.0,12.0,SOUTH,38.905136,-77.061745,33,2015-02-20T21:09:00,10TH + PENNSYLVNIA,6970712.0,2015-02-20T20:20:00,7152.0
241,2015-02-20T20:44:13,4.0,15.0,WEST,38.847656,-77.083939,23A,2015-02-20T21:21:00,TYSONS CORNER CTR,6955816.0,2015-02-20T20:20:00,2623.0
242,2015-02-20T20:44:12,-3.0,15.0,WEST,38.86179,-77.326851,2B,2015-02-20T21:04:00,WEST OX RD DIV,6935844.0,2015-02-20T20:20:00,6593.0
243,2015-02-20T20:43:55,2.0,15.0,WEST,38.882404,-76.830978,C22,2015-02-20T21:04:00,ADDISON RD STA,6943446.0,2015-02-20T20:21:00,7027.0
244,2015-02-20T20:43:45,7.0,12.0,SOUTH,38.82177,-77.000618,A8,2015-02-20T20:42:00,4501 3RD ST,6957634.0,2015-02-20T20:21:00,8015.0
245,2015-02-20T20:43:56,4.0,12.0,SOUTH,38.894882,-76.985512,B2,2015-02-20T21:10:00,ANACOSTIA STA,6943066.0,2015-02-20T20:21:00,2160.0
246,2015-02-20T20:43:57,-2.0,12.0,SOUTH,38.899597,-77.026962,42,2015-02-20T20:48:00,9TH + G ST,6965193.0,2015-02-20T20:21:00,7154.0
247,2015-02-20T20:43:53,1.0,10.0,NORTH,38.900906,-77.021675,74,2015-02-20T20:40:00,CONVENTION CTR,6933860.0,2015-02-20T20:21:00,3015.0
248,2015-02-20T20:43:56,3.0,10.0,NORTH,39.026627,-77.203781,T2,2015-02-20T20:57:00,ROCKVILLE STA,6929655.0,2015-02-20T20:21:00,6393.0
249,2015-02-20T20:44:05,22.0,15.0,WEST,38.911312,-76.976807,H6,2015-02-20T20:48:00,BROOKLAND CUA STA,6947494.0,2015-02-20T20:22:00,3006.0
250,2015-02-20T20:43:49,3.0,10.0,NORTH,38.929684,-77.03257,53,2015-02-20T21:09:00,TAKOMA STA,6953755.0,2015-02-20T20:22:00,5307.0
251,2015-02-20T20:43:54,-1.0,14.0,EAST,38.99464,-76.992928,C2,2015-02-20T21:15:00,GRNBELT STA UMD ALT,7156984.0,2015-02-20T20:22:00,6027.0
252,2015-02-20T20:43:55,3.0,15.0,WEST,38.926956,-77.037529,H2,2015-02-20T20:59:00,TENLEYTOWN AU-STA,6947856.0,2015-02-20T20:22:00,2345.0
253,2015-02-20T20:43:55,3.0,14.0,EAST,38.892231,-76.838211,C22,2015-02-20T21:06:00,POINTER RIDGE,6943499.0,2015-02-20T20:22:00,7017.0
254,2015-02-20T20:43:57,3.0,10.0,NORTH,38.885269,-76.896301,F14,2015-02-20T21:18:00,NEW CARROLTON STA,6930160.0,2015-02-20T20:22:00,7058.0
255,2015-02-20T20:44:07,4.0,12.0,SOUTH,38.913872,-77.031982,54,2015-02-20T20:59:00,L ENFANT PLAZA,6953931.0,2015-02-20T20:22:00,6492.0
256,2015-02-20T20:43:56,1.0,12.0,SOUTH,38.862659,-76.995399,U2,2015-02-20T20:44:00,ANACOSTIA,6937979.0,2015-02-20T20:22:00,6149.0
257,2015-02-20T20:44:06,1.0,10.0,NORTH,38.891052,-76.952057,U2,2015-02-20T20:47:00,MINNESOTA STA,6938024.0,2015-02-20T20:23:00,6159.0
258,2015-02-20T20:44:07,7.0,10.0,NORTH,38.83992,-77.103806,7A,2015-02-20T20:48:00,PENTAGON,6961645.0,2015-02-20T20:23:00,2580.0
259,2015-02-20T20:44:12,20.0,10.0,NORTH,38.893364,-77.022095,70,2015-02-20T21:15:00,SILVER SPRING,6933181.0,2015-02-20T20:23:00,5438.0
260,2015-02-20T20:43:50,6.0,14.0,EAST,38.897923,-76.807655,C26,2015-02-20T20:47:00,WATKNS+CHESTERTON,6943500.0,2015-02-20T20:23:00,6006.0
261,2015-02-20T20:44:05,5.0,12.0,SOUTH,38.978146,-76.927742,86,2015-02-20T21:20:00,RHODE ISLAND,6962614.0,2015-02-20T20:23:00,4281.0
262,2015-02-20T20:44:04,20.0,15.0,WEST,38.900261,-77.050453,96,2015-02-20T21:36:00,TENLEYTOWN STA,6944871.0,2015-02-20T20:24:00,2365.0
263,2015-02-20T20:43:53,6.0,10.0,NORTH,38.838539,-76.99353,A6,2015-02-20T20:48:00,ANACOSTIA,6957760.0,2015-02-20T20:24:00,8060.0
264,2015-02-20T20:44:13,-1.0,14.0,EAST,38.972195,-76.979767,F4,2015-02-20T21:22:00,NEW CARRLLTON,6970179.0,2015-02-20T20:24:00,7030.0
265,2015-02-20T20:44:02,0.0,12.0,SOUTH,38.823723,-77.104187,8W,2015-02-20T20:49:00,MARK CENTER V FOXCHASE,6930265.0,2015-02-20T20:24:00,2643.0
266,2015-02-20T20:43:58,3.0,14.0,EAST,38.858559,-76.968231,W2,2015-02-20T21:10:00,SOUTHERN AVE STA,7166187.0,2015-02-20T20:24:00,3053.0
267,2015-02-20T20:43:54,0.0,15.0,WEST,38.788422,-77.01461,NH1,2015-02-20T20:46:00,NATIONAL HARBOR,6961323.0,2015-02-20T20:25:00,6334.0
268,2015-02-20T20:43:52,2.0,14.0,EAST,38.854744,-77.225121,1A,2015-02-20T21:24:00,BALLSTON (7 CORNERS),6938517.0,2015-02-20T20:25:00,6594.0
269,2015-02-20T20:44:12,7.0,15.0,WEST,38.860107,-76.898796,P12,2015-02-20T21:31:00,EASTOVER (NO HOSP),6949034.0,2015-02-20T20:25:00,6209.0
270,2015-02-20T20:43:52,6.0,10.0,NORTH,39.028534,-77.047081,Y2,2015-02-20T21:26:00,MONTG MED CTR,7155811.0,2015-02-20T20:25:00,5437.0
271,2015-02-20T20:43:58,2.0,14.0,EAST,38.822315,-76.918739,NH1,2015-02-20T20:43:00,BRANCH AVE,6961358.0,2015-02-20T20:25:00,8103.0
272,2015-02-20T20:44:08,1.0,10.0,NORTH,38.902485,-77.029778,80,2015-02-20T21:25:00,FORT TOTTEN STA,6966717.0,2015-02-20T20:25:00,2388.0
273,2015-02-20T20:44:03,-2.0,12.0,SOUTH,38.811371,-77.186386,17B,2015-02-20T21:23:00,KINGS PK W HOV,6960839.0,2015-02-20T20:25:00,6571.0
274,2015-02-20T20:44:02,4.0,14.0,EAST,38.909595,-77.039162,G2,2015-02-20T21:00:00,HOWARD UNIV,6967317.0,2015-02-20T20:25:00,6489.0
275,2015-02-20T20:44:07,0.0,15.0,WEST,38.885532,-76.907249,V15,2015-02-20T21:07:00,DEANWOOD STA,6948665.0,2015-02-20T20:25:00,7043.0
276,2015-02-20T20:44:07,19.0,14.0,EAST,38.900269,-77.035789,X2,2015-02-20T21:03:00,MINNESOTA STA,7169922.0,2015-02-20T20:25:00,5411.0
277,2015-02-20T20:43:42,3.0,17.0,LOOP,38.893059,-76.910957,U8,2015-02-20T21:16:00,MINN STA VIA CAPT+BENN,6949883.0,2015-02-20T20:26:00,6120.0
278,2015-02-20T20:44:11,7.0,12.0,SOUTH,38.984913,-77.027054,S2,2015-02-20T21:12:00,FEDTRIANGLE,6931146.0,2015-02-20T20:27:00,6532.0
279,2015-02-20T20:43:52,2.0,12.0,SOUTH,39.083958,-76.949898,Z8,2015-02-20T21:12:00,SILVER SPRING STA,6941555.0,2015-02-20T20:27:00,6402.0
280,2015-02-20T20:44:13,2.0,10.0,NORTH,39.030384,-77.047722,Q2,2015-02-20T21:26:00,SHADY GRVE STA,6934860.0,2015-02-20T20:27:00,7246.0
281,2015-02-20T20:44:04,0.0,15.0,WEST,38.9617,-77.085533,E6,2015-02-20T20:44:00,FRIENDSHP HTS,6962044.0,2015-02-20T20:27:00,3078.0
282,2015-02-20T20:44:01,0.0,12.0,SOUTH,38.82563,-76.995728,A6,2015-02-20T20:50:00,4501 3RD ST,6957645.0,2015-02-20T20:27:00,8016.0
283,2015-02-20T20:44:06,0.0,12.0,SOUTH,38.990505,-76.905701,R12,2015-02-20T21:13:00,DEANWOOD STA,6948493.0,2015-02-20T20:27:00,7046.0
284,2015-02-20T20:43:40,2.0,15.0,WEST,38.988018,-77.082741,J2,2015-02-20T21:06:00,MONTGMRY MALL /CEDR,6944273.0,2015-02-20T20:28:00,7240.0
285,2015-02-20T20:44:01,4.0,10.0,NORTH,38.956524,-77.019882,62,2015-02-20T20:50:00,TAKOMA STATION,6959692.0,2015-02-20T20:28:00,6530.0
286,2015-02-20T20:43:50,5.0,10.0,NORTH,38.861801,-76.995041,94,2015-02-20T20:39:00,ANACOSTIA,6939957.0,2015-02-20T20:28:00,6302.0
287,2015-02-20T20:44:05,-2.0,14.0,EAST,38.943005,-76.74015,B31,2015-02-20T20:53:00,GATEWAY CTR,6960417.0,2015-02-20T20:28:00,6208.0
288,2015-02-20T20:44:10,0.0,10.0,NORTH,38.908966,-77.036545,S2,2015-02-20T21:16:00,SILVER SPRNG,6930937.0,2015-02-20T20:29:00,6533.0
289,2015-02-20T20:43:48,5.0,12.0,SOUTH,38.950584,-77.019562,62,2015-02-20T20:45:00,GEORGIA + PETWORTH,6959776.0,2015-02-20T20:29:00,6538.0
290,2015-02-20T20:43:55,5.0,12.0,SOUTH,38.952427,-77.036469,S9,2015-02-20T21:07:00,FRANKLIN SQ,6932250.0,2015-02-20T20:29:00,6428.0
291,2015-02-20T20:44:04,2.0,14.0,EAST,38.84026,-77.26548,29N,2015-02-20T21:26:00,KING ST (VIA MALL),6948834.0,2015-02-20T20:29:00,7189.0
292,2015-02-20T20:44:06,8.0,15.0,WEST,38.955517,-77.004623,E4,2015-02-20T20:58:00,FRIENDSHP HTS,6963415.0,2015-02-20T20:29:00,7147.0
293,2015-02-20T20:43:52,7.0,10.0,NORTH,38.915241,-77.04615,L2,2015-02-20T21:10:00,CHEVY CHASE,6946761.0,2015-02-20T20:29:00,7140.0
294,2015-02-20T20:44:04,-1.0,11.0,CLOCKWIS,38.858536,-76.968575,W6,2015-02-20T21:10:00,ANACOSTIA,6990726.0,2015-02-20T20:30:00,3069.0
295,2015-02-20T20:44:01,0.0,14.0,EAST,38.85601,-77.107613,22A,2015-02-20T21:03:00,PENTAGON,6952452.0,2015-02-20T20:30:00,2535.0
296,2015-02-20T20:43:04,0.0,15.0,WEST,38.918736,-76.971352,32,2015-02-20T21:24:00,VIRGINIA AVE+E ST,6968646.0,2015-02-20T20:30:00,2331.0
297,2015-02-20T20:44:08,1.0,12.0,SOUTH,39.083721,-77.077972,Y7,2015-02-20T21:15:00,SILVER SPRING STA,7155902.0,2015-02-20T20:30:00,6358.0
298,2015-02-20T20:44:01,-5.0,10.0,NORTH,38.91906,-76.866577,A12,2015-02-20T21:21:00,CAPITAL PLAZA,6967866.0,2015-02-20T20:30:00,6211.0
299,2015-02-20T20:44:04,5.0,12.0,SOUTH,38.835011,-77.00808,A4,2015-02-20T20:54:00,DC VILL (VIA FT DRM),6958734.0,2015-02-20T20:30:00,8064.0
300,2015-02-20T20:43:44,0.0,10.0,NORTH,38.900932,-77.0317,52,2015-02-20T21:17:00,14TH+COLORADO,6953757.0,2015-02-20T20:30:00,5318.0
301,2015-02-20T20:44:04,0.0,10.0,NORTH,38.91008,-76.984474,D8,2015-02-20T21:08:00,VETERANS ADMIN MED CTR,6950254.0,2015-02-20T20:30:00,2426.0
302,2015-02-20T20:44:13,2.0,15.0,WEST,38.947746,-76.73761,B21,2015-02-20T20:54:00,NEW CARROLTON STA,6945530.0,2015-02-20T20:30:00,7031.0
303,2015-02-20T20:44:04,0.0,14.0,EAST,38.872314,-76.932411,P99,2015-02-20T20:45:00,[516]SOUTHERN SHUTTLE TO SOUTHERN DIV,6953553.0,2015-02-20T20:30:00,6157.0
304,2015-02-20T20:44:05,1.0,10.0,NORTH,38.832314,-77.008163,A4,2015-02-20T20:54:00,ANACOSTIA,6958855.0,2015-02-20T20:30:00,8095.0
305,2015-02-20T20:44:07,1.0,15.0,WEST,38.871193,-76.964928,M6,2015-02-20T20:48:00,POTOMAC AVE STA,6950670.0,2015-02-20T20:30:00,6154.0
306,2015-02-20T20:43:47,10.0,10.0,NORTH,38.905724,-77.036476,S9,2015-02-20T21:09:00,SILVER SPRING STA,6932191.0,2015-02-20T20:30:00,6425.0
307,2015-02-20T20:43:48,1.0,12.0,SOUTH,38.831783,-77.051109,9A,2015-02-20T21:01:00,HUNTINGTON STA,6946509.0,2015-02-20T20:30:00,3031.0
308,2015-02-20T20:44:09,3.0,15.0,WEST,38.964405,-76.89782,F4,2015-02-20T21:27:00,SILVR SPRING STA,6970246.0,2015-02-20T20:30:00,7047.0
309,2015-02-20T20:44:04,7.0,12.0,SOUTH,38.930859,-76.919739,A12,2015-02-20T21:22:00,ADDISON RD STA,6967817.0,2015-02-20T20:30:00,7001.0
310,2015-02-20T20:44:08,3.0,15.0,WEST,38.942528,-77.004272,H8,2015-02-20T20:57:00,MT PLEASNT+17TH,6968055.0,2015-02-20T20:30:00,2436.0
311,2015-02-20T20:44:07,10.0,10.0,NORTH,38.901402,-77.028206,42,2015-02-20T21:04:00,MT PLEASANT,6965315.0,2015-02-20T20:30:00,7156.0
312,2015-02-20T20:43:58,3.0,14.0,EAST,38.971775,-76.979698,F6,2015-02-20T21:33:00,NEW CARROLLTN,6970523.0,2015-02-20T20:30:00,6002.0
313,2015-02-20T20:43:59,2.0,14.0,EAST,38.939667,-77.075127,30S,2015-02-20T21:49:00,SOUTHRN AVE STA,7177386.0,2015-02-20T20:30:00,7121.0
314,2015-02-20T20:43:52,-1.0,10.0,NORTH,38.85004,-77.050629,MW1,2015-02-20T20:50:00,CRYSTAL CITY,6942150.0,2015-02-20T20:30:00,8013.0
315,2015-02-20T20:44:11,5.0,10.0,NORTH,38.716202,-77.133957,REX,2015-02-20T21:12:00,KING ST STA,6937745.0,2015-02-20T20:30:00,6556.0
316,2015-02-20T20:44:10,3.0,14.0,EAST,38.934006,-77.177429,23A,2015-02-20T21:33:00,CRYSTAL CTY,6955873.0,2015-02-20T20:30:00,2614.0
317,2015-02-20T20:43:58,-3.0,15.0,WEST,38.842644,-77.090286,22A,2015-02-20T21:05:00,BALLSTON STA,6952473.0,2015-02-20T20:30:00,2644.0
318,2015-02-20T20:43:59,0.0,12.0,SOUTH,38.839577,-77.105652,7F,2015-02-20T21:06:00,LINCLONIA+QUANTRELL,6961584.0,2015-02-20T20:30:00,2577.0
319,2015-02-20T20:43:50,1.0,12.0,SOUTH,38.82988,-77.05085,MW1,2015-02-20T20:49:00,BRADDOCK RD,6942024.0,2015-02-20T20:30:00,8009.0
320,2015-02-20T20:43:59,2.0,15.0,WEST,38.896523,-77.00811,D6,2015-02-20T21:37:00,SIBLEY HOSP,6956647.0,2015-02-20T20:30:00,2413.0
321,2015-02-20T20:44:08,1.0,15.0,WEST,38.862572,-77.087181,16A,2015-02-20T21:15:00,ANNANDALE,6940247.0,2015-02-20T20:30:00,2685.0
322,2015-02-20T20:44:06,2.0,10.0,NORTH,38.93869,-76.956177,86,2015-02-20T21:36:00,CALVERTON,6962481.0,2015-02-20T20:30:00,2164.0
323,2015-02-20T20:43:56,1.0,15.0,WEST,38.887096,-77.156441,2A,2015-02-20T21:02:00,DUNN LORING STA,6935405.0,2015-02-20T20:30:00,6591.0
324,2015-02-20T20:44:06,2.0,14.0,EAST,38.865189,-76.916084,J12,2015-02-20T20:57:00,FORESTVILLE,6962098.0,2015-02-20T20:30:00,7055.0
325,2015-02-20T20:44:09,3.0,10.0,NORTH,38.882572,-76.994972,90,2015-02-20T21:22:00,DK ELLNGTN BRDG,7003623.0,2015-02-20T20:31:00,6549.0
326,2015-02-20T20:44:04,1.0,15.0,WEST,38.83139,-76.941986,D12,2015-02-20T21:22:00,SOUTHERN AVE STA,6959401.0,2015-02-20T20:31:00,6163.0
327,2015-02-20T20:44:02,1.0,15.0,WEST,38.948532,-76.989479,E2,2015-02-20T21:11:00,FRIENDSHP HTS,6963412.0,2015-02-20T20:31:00,7114.0
328,2015-02-20T20:43:49,1.0,15.0,WEST,38.91692,-77.057114,N6,2015-02-20T21:11:00,FRIENDSHIP HTS,6962927.0,2015-02-20T20:32:00,7107.0
329,2015-02-20T20:44:11,10.0,12.0,SOUTH,39.085072,-77.152672,T2,2015-02-20T21:14:00,FRIENDSHIP HTS,6929690.0,2015-02-20T20:32:00,4216.0
330,2015-02-20T20:43:47,9.0,14.0,EAST,38.964848,-77.080307,E2,2015-02-20T21:22:00,IVY CITY,6963509.0,2015-02-20T20:32:00,7141.0
331,2015-02-20T20:43:51,1.0,14.0,EAST,38.866196,-77.072945,16G,2015-02-20T20:46:00,PENTAGON CITY,6940931.0,2015-02-20T20:32:00,2569.0
332,2015-02-20T20:44:01,3.0,10.0,NORTH,39.028069,-77.009033,Z8,2015-02-20T21:09:00,GREENCASTLE,6941518.0,2015-02-20T20:32:00,6380.0
333,2015-02-20T20:43:51,0.0,17.0,LOOP,38.907169,-76.952248,U5,2015-02-20T21:31:00,MINNESOTA AVE,6938238.0,2015-02-20T20:32:00,6150.0
334,2015-02-20T20:43:44,0.0,17.0,LOOP,38.902779,-76.937241,U4,2015-02-20T20:59:00,MINNESOTA STA,6963905.0,2015-02-20T20:32:00,3014.0
335,2015-02-20T20:44:01,0.0,15.0,WEST,38.933361,-76.994026,G8,2015-02-20T21:18:00,FARRAGUT SQUARE,6929407.0,2015-02-20T20:32:00,2332.0
336,2015-02-20T20:43:48,2.0,12.0,SOUTH,38.845623,-76.979645,94,2015-02-20T20:44:00,19TH+SAVANNAH ST,6939869.0,2015-02-20T20:32:00,6545.0
337,2015-02-20T20:44:00,2.0,12.0,SOUTH,38.916065,-77.046448,42,2015-02-20T21:00:00,9TH + G ST,6965194.0,2015-02-20T20:33:00,7129.0
338,2015-02-20T20:42:35,1.0,12.0,SOUTH,38.891174,-76.927948,W4,2015-02-20T21:29:00,ANACOSTIA STA,6969651.0,2015-02-20T20:33:00,6147.0
339,2015-02-20T20:44:08,-1.0,14.0,EAST,38.93557,-77.082748,N6,2015-02-20T21:10:00,FARRAGUT SQ,6962953.0,2015-02-20T20:33:00,7146.0
340,2015-02-20T20:43:42,9.0,12.0,SOUTH,38.917004,-77.026215,92,2015-02-20T21:28:00,CNGRESS HTS STA,7003767.0,2015-02-20T20:33:00,6316.0
341,2015-02-20T20:44:10,0.0,15.0,WEST,38.92944,-77.012276,H4,2015-02-20T21:12:00,TENLEYTOWN AU-STA,6947923.0,2015-02-20T20:34:00,2416.0
342,2015-02-20T20:43:58,2.0,10.0,NORTH,38.931183,-76.919891,F2,2015-02-20T21:24:00,TAKOMA STA,6946164.0,2015-02-20T20:34:00,7010.0
343,2015-02-20T20:43:49,10.0,14.0,EAST,38.931042,-77.038292,H8,2015-02-20T21:09:00,RHODE ISLAND,6968140.0,2015-02-20T20:34:00,2428.0
344,2015-02-20T20:43:46,8.0,14.0,EAST,38.894135,-77.0009,X8,2015-02-20T20:49:00,CARVER TERR,6945771.0,2015-02-20T20:34:00,2397.0
345,2015-02-20T20:44:04,0.0,10.0,NORTH,38.859978,-76.968163,92,2015-02-20T21:23:00,REEVES CTR,7003624.0,2015-02-20T20:34:00,8027.0
346,2015-02-20T20:42:50,4.0,14.0,EAST,38.90152,-77.047501,32,2015-02-20T21:24:00,SOUTHRN AVE,6968748.0,2015-02-20T20:34:00,2391.0
347,2015-02-20T20:44:14,9.0,15.0,WEST,38.805828,-77.061607,28A,2015-02-20T21:49:00,TYSONS CORNER STA,6951252.0,2015-02-20T20:35:00,2634.0
348,2015-02-20T20:44:10,1.0,10.0,NORTH,38.903679,-77.027061,64,2015-02-20T21:09:00,FORT TOTTEN,6949408.0,2015-02-20T20:35:00,6495.0
349,2015-02-20T20:43:57,-1.0,12.0,SOUTH,38.82877,-77.017342,SH99,2015-02-20T20:50:00,SHEPHERD PKY,6952130.0,2015-02-20T20:35:00,3054.0
350,2015-02-20T20:44:03,6.0,12.0,SOUTH,39.115196,-77.165733,Q2,2015-02-20T21:41:00,SILVR SPRNG STA,6934931.0,2015-02-20T20:35:00,6342.0
351,2015-02-20T20:44:14,8.0,10.0,NORTH,38.893448,-77.022377,70,2015-02-20T21:27:00,SILVER SPRING,6933182.0,2015-02-20T20:35:00,6372.0
352,2015-02-20T20:44:08,4.0,15.0,WEST,38.877644,-77.123672,1A,2015-02-20T21:32:00,VIENNA (7 CORNERS),6938433.0,2015-02-20T20:35:00,7208.0
353,2015-02-20T20:43:46,1.0,12.0,SOUTH,39.017288,-76.977234,K6,2015-02-20T21:10:00,FORT TOTTEN STA,6966351.0,2015-02-20T20:35:00,7249.0
354,2015-02-20T20:43:58,1.0,15.0,WEST,38.988407,-76.817688,B27,2015-02-20T20:55:00,NEW CARROLTON STA,6960812.0,2015-02-20T20:35:00,7012.0
355,2015-02-20T20:44:12,2.0,14.0,EAST,38.952042,-77.383835,5A,2015-02-20T21:23:00,LENFANT PLAZA,6935960.0,2015-02-20T20:35:00,8025.0
356,2015-02-20T20:44:08,2.0,12.0,SOUTH,38.859344,-76.894447,V12,2015-02-20T21:03:00,SUITLAND STA,6964097.0,2015-02-20T20:35:00,7049.0
357,2015-02-20T20:43:51,3.0,15.0,WEST,38.884735,-77.087883,4B,2015-02-20T21:00:00,SEVEN CORNERS,6969332.0,2015-02-20T20:35:00,2518.0
358,2015-02-20T20:43:45,-6.0,10.0,NORTH,38.863186,-76.997406,SH99,2015-02-20T20:50:00,ANACOSTIA,6952081.0,2015-02-20T20:35:00,3058.0
359,2015-02-20T20:43:55,1.0,10.0,NORTH,38.962109,-77.005104,K6,2015-02-20T21:15:00,WHITE OAK,6966273.0,2015-02-20T20:35:00,7234.0
360,2015-02-20T20:44:01,0.0,14.0,EAST,38.920513,-76.962563,B99,2015-02-20T20:40:00,AMES PL LOT,6952728.0,2015-02-20T20:35:00,2410.0
361,2015-02-20T20:44:06,1.0,14.0,EAST,38.913795,-77.212776,3T,2015-02-20T21:17:00,E FALLS CH STA,6934686.0,2015-02-20T20:35:00,3759.0
362,2015-02-20T20:43:51,1.0,12.0,SOUTH,38.962494,-77.061317,M4,2015-02-20T20:59:00,SIBLEY HOSPITAL,6966124.0,2015-02-20T20:36:00,3081.0
363,2015-02-20T20:44:12,0.0,12.0,SOUTH,38.797916,-77.080917,REX,2015-02-20T21:20:00,JACKSON + GUNSTON,6937676.0,2015-02-20T20:36:00,6554.0
364,2015-02-20T20:44:07,1.0,12.0,SOUTH,38.843346,-76.999619,A2,2015-02-20T21:03:00,SOUTHERN AVE STA,6957472.0,2015-02-20T20:37:00,8055.0
365,2015-02-20T20:43:45,5.0,14.0,EAST,38.924622,-77.078384,D2,2015-02-20T20:55:00,CONNETICUT +Q ST,6951662.0,2015-02-20T20:37:00,3075.0
366,2015-02-20T20:43:56,4.0,12.0,SOUTH,38.920654,-77.042068,90,2015-02-20T21:31:00,ANACOSTIA,7003768.0,2015-02-20T20:37:00,6567.0
367,2015-02-20T20:44:13,3.0,10.0,NORTH,38.966568,-77.078323,L8,2015-02-20T21:12:00,ASPEN HILL,6947181.0,2015-02-20T20:38:00,7241.0
368,2015-02-20T20:44:01,4.0,14.0,EAST,39.024811,-77.13633,J2,2015-02-20T21:21:00,SILVR SPRNG STA,6944327.0,2015-02-20T20:38:00,6392.0
369,2015-02-20T20:43:51,3.0,15.0,WEST,38.850826,-76.963608,30N,2015-02-20T21:54:00,FRIENDSHIP HGTS,7177342.0,2015-02-20T20:38:00,7155.0
370,2015-02-20T20:43:59,5.0,10.0,NORTH,38.91283,-77.02195,S4,2015-02-20T21:24:00,SILVER SPRNG,6930844.0,2015-02-20T20:39:00,6503.0
371,2015-02-20T20:44:01,2.0,10.0,NORTH,38.90131,-77.050095,31,2015-02-20T21:14:00,FRIENDSHIP HGTS,6970629.0,2015-02-20T20:39:00,7120.0
372,2015-02-20T20:44:04,3.0,14.0,EAST,38.947792,-77.079628,96,2015-02-20T21:55:00,CAPITOL HTS STA,6944763.0,2015-02-20T20:39:00,2394.0
373,2015-02-20T20:44:00,1.0,14.0,EAST,38.818565,-77.000305,P12,2015-02-20T21:45:00,ADDISON RD STA (NO HOSP),6949018.0,2015-02-20T20:40:00,7033.0
374,2015-02-20T20:43:33,3.0,15.0,WEST,38.804947,-77.063507,29K,2015-02-20T21:36:00,GMU,6948813.0,2015-02-20T20:40:00,7203.0
375,2015-02-20T20:44:02,1.0,14.0,EAST,38.916153,-77.219727,28A,2015-02-20T21:52:00,KING ST STA,6951317.0,2015-02-20T20:40:00,2725.0
376,2015-02-20T20:43:53,2.0,14.0,EAST,38.876949,-76.978317,M6,2015-02-20T20:50:00,ALABAMA + PENN,6950568.0,2015-02-20T20:40:00,6130.0
377,2015-02-20T20:43:41,-3.0,14.0,EAST,38.89957,-77.022461,X2,2015-02-20T21:18:00,MINNESOTA STA,6939045.0,2015-02-20T20:40:00,5420.0
378,2015-02-20T20:44:04,0.0,14.0,EAST,38.887459,-77.017509,34,2015-02-20T21:09:00,NAYLOR RD STA,6968781.0,2015-02-20T20:40:00,2307.0
379,2015-02-20T20:44:13,4.0,10.0,NORTH,38.994282,-77.027878,Y2,2015-02-20T21:34:00,MONTG MED CTR,7155769.0,2015-02-20T20:40:00,5432.0
380,2015-02-20T20:43:43,3.0,10.0,NORTH,39.009876,-76.900452,B30,2015-02-20T21:18:00,BWI LT RAIL STA,6960629.0,2015-02-20T20:40:00,6214.0
381,2015-02-20T20:44:13,3.0,15.0,WEST,38.909672,-77.04496,D2,2015-02-20T20:58:00,GLOVER PARK,6951732.0,2015-02-20T20:40:00,3085.0
382,2015-02-20T20:43:48,2.0,10.0,NORTH,38.863335,-76.991112,B2,2015-02-20T21:23:00,MOUNT RAINIER,6942965.0,2015-02-20T20:40:00,2326.0
383,2015-02-20T20:44:08,4.0,15.0,WEST,38.868477,-77.054413,25A,2015-02-20T21:26:00,BALLSTON (NON-HOV),6968470.0,2015-02-20T20:40:00,2561.0
384,2015-02-20T20:44:03,3.0,12.0,SOUTH,38.936508,-76.960228,B2,2015-02-20T21:30:00,ANACOSTIA STA,6943067.0,2015-02-20T20:41:00,2165.0
385,2015-02-20T20:43:54,2.0,12.0,SOUTH,39.111652,-76.932365,Z6,2015-02-20T21:27:00,SILVR SPRNG STA,6941395.0,2015-02-20T20:41:00,7244.0
386,2015-02-20T20:44:09,1.0,10.0,NORTH,38.838974,-76.978737,A2,2015-02-20T21:09:00,ANACOSTIA,6957870.0,2015-02-20T20:42:00,8084.0
387,2015-02-20T20:44:12,1.0,15.0,WEST,38.91745,-77.016083,G2,2015-02-20T21:13:00,GEORGETOWN UNIV,6967271.0,2015-02-20T20:42:00,6515.0
388,2015-02-20T20:43:46,1.0,12.0,SOUTH,38.973278,-76.962769,R4,2015-02-20T21:06:00,BROOKLAND STA,6964675.0,2015-02-20T20:42:00,2411.0
389,2015-02-20T20:43:49,0.0,12.0,SOUTH,38.97316,-77.011871,F2,2015-02-20T21:28:00,CHEVERLY STA,6946120.0,2015-02-20T20:42:00,7070.0
390,2015-02-20T20:43:47,0.0,14.0,EAST,39.0103,-76.903564,G16,2015-02-20T21:25:00,NEW CARROLTON STA,6954943.0,2015-02-20T20:42:00,6179.0
391,2015-02-20T20:43:51,0.0,14.0,EAST,39.01046,-76.90374,G12,2015-02-20T21:31:00,NEW CARROLLTON STA,6954921.0,2015-02-20T20:42:00,6050.0
392,2015-02-20T20:42:59,1.0,10.0,NORTH,38.898434,-77.02401,42,2015-02-20T21:16:00,MT PLEASANT,6965316.0,2015-02-20T20:42:00,7116.0
393,2015-02-20T20:44:03,0.0,14.0,EAST,38.882236,-77.112213,25A,2015-02-20T21:31:00,PENTAGON (NON-HOV),6968509.0,2015-02-20T20:43:00,2547.0
394,2015-02-20T20:43:59,0.0,14.0,EAST,38.995022,-77.029335,F4,2015-02-20T21:42:00,NEW CARRLLTON,6970180.0,2015-02-20T20:44:00,7016.0
395,2015-02-20T20:44:10,0.0,14.0,EAST,38.852837,-77.140938,16J,2015-02-20T21:13:00,PENTAGON,6940334.0,2015-02-20T20:44:00,7197.0
396,2015-02-20T20:44:01,-3.0,15.0,WEST,38.850346,-76.956566,34,2015-02-20T21:14:00,10TH + PENNSYLVNIA,6968677.0,2015-02-20T20:44:00,2445.0
397,2015-02-20T20:44:11,-1.0,12.0,SOUTH,38.947403,-76.872025,F14,2015-02-20T21:46:00,NAYLOR RD STA,6930188.0,2015-02-20T20:45:00,6203.0
398,2015-02-20T20:44:07,-1.0,12.0,SOUTH,38.966549,-77.077148,L2,2015-02-20T21:21:00,FARRAGUT SQ,6946850.0,2015-02-20T20:45:00,7128.0
399,2015-02-20T20:43:57,-1.0,15.0,WEST,38.896313,-77.071457,3A,2015-02-20T21:39:00,PATRIOT+AMRICNA,6960987.0,2015-02-20T20:45:00,6570.0
400,2015-02-20T20:43:43,-1.0,15.0,WEST,38.902214,-77.038506,38B,2015-02-20T21:23:00,BALLSTON,6934328.0,2015-02-20T20:45:00,6600.0
401,2015-02-20T20:44:06,-3.0,15.0,WEST,38.890236,-77.163506,3T,2015-02-20T21:27:00,MCLEAN STATION,6934654.0,2015-02-20T20:45:00,3765.0
402,2015-02-20T20:43:58,15.0,12.0,SOUTH,38.931606,-77.038521,42,2015-02-20T21:12:00,9TH + G ST,6965195.0,2015-02-20T20:45:00,7103.0
403,2015-02-20T20:44:10,-1.0,10.0,NORTH,38.814102,-77.053436,MW1,2015-02-20T21:05:00,CRYSTAL CITY,6942151.0,2015-02-20T20:45:00,8014.0
404,2015-02-20T20:44:10,-3.0,10.0,NORTH,38.872093,-77.016586,74,2015-02-20T21:04:00,CONVENTION CTR,6933861.0,2015-02-20T20:45:00,2407.0
405,2015-02-20T20:43:58,-1.0,14.0,EAST,38.88168,-77.229324,2A,2015-02-20T21:15:00,BALLSTON STA,6935434.0,2015-02-20T20:45:00,6575.0
406,2015-02-20T20:44:11,-1.0,14.0,EAST,38.850445,-76.956467,C12,2015-02-20T21:14:00,BRANCH AVE STA,6960317.0,2015-02-20T20:45:00,6152.0
407,2015-02-20T20:44:09,-1.0,15.0,WEST,38.884933,-77.021248,5A,2015-02-20T21:42:00,DULLES AIRPORT,6935997.0,2015-02-20T20:45:00,6562.0
408,2015-02-20T20:44:06,-1.0,15.0,WEST,38.835938,-76.983398,W2,2015-02-20T21:49:00,ANACSTIA VIA WA OVRLK,7167628.0,2015-02-20T20:45:00,3050.0
409,2015-02-20T20:44:06,-1.0,10.0,NORTH,38.792759,-77.049599,10B,2015-02-20T21:34:00,BALLSTON STA,6943684.0,2015-02-20T20:45:00,2722.0
410,2015-02-20T20:44:10,-1.0,15.0,WEST,38.994671,-77.027664,J2,2015-02-20T21:23:00,MONTGMRY MALL /CEDR,6944254.0,2015-02-20T20:45:00,7233.0
411,2015-02-20T20:43:46,-1.0,12.0,SOUTH,38.868336,-77.054787,10A,2015-02-20T21:22:00,HUNTING POINT,6945319.0,2015-02-20T20:45:00,2628.0
412,2015-02-20T20:44:06,-2.0,17.0,LOOP,38.897556,-76.947327,U8,2015-02-20T21:36:00,MINN STA VIA CAPT+BENN,6949884.0,2015-02-20T20:46:00,6122.0
413,2015-02-20T20:44:01,0.0,12.0,SOUTH,38.952248,-77.002823,64,2015-02-20T21:20:00,FEDERAL TRIANGLE,6949482.0,2015-02-20T20:47:00,6520.0
414,2015-02-20T20:44:01,0.0,10.0,NORTH,38.993931,-77.027908,Q2,2015-02-20T21:46:00,SHADY GRVE STA,6934861.0,2015-02-20T20:47:00,6383.0
